EXCHANGE,CABLE_NAME,FIBER_PAIR,REMARKS,STATUS,CABLE_TYPE,DSA_NUM,ACCESS_POINT,ROUTE,PEDESTAL,AP_ADDRESS,MAP,CONDITION_CODE,COMMENTS,CIRCUIT_ID,CIRCUIT_DESIGN_ID,EUL_NAME,STREET_ADDRESS,ADDL_INFO,CLLI_CODE
LAVERGNE,FDHAJ,1,,Unassigned,PON-DISTR,24100,241-AJ-494 FP11,494,FP11,FOREST RIDGE DR,MAP-33,,,,,241-02-011530,395 FOREST RIDGE DR ,,LVRGTNXAAJ
LAVERGNE,FDHAJ,2,,Inservice,PON-DISTR,24100,241-AJ-494 FP11,494,FP11,FOREST RIDGE DR,MAP-33,,,241-02-011537/    /ONT LINK/3276366,3276366,241-02-011537,396 FOREST RIDGE DR ,,LVRGTNXAAJ
LAVERGNE,FDHAJ,3,,Inservice,PON-DISTR,24100,241-AJ-494 FP11,494,FP11,FOREST RIDGE DR,MAP-33,,,241-AJ-011551/    /ONT LINK/3181394,3181394,241-AJ-011551,397 FOREST RIDGE DR ,,LVRGTNXAAJ
LAVERGNE,FDHAJ,4,,Inservice,PON-DISTR,24100,241-AJ-494 FP11,494,FP11,FOREST RIDGE DR,MAP-33,,,241-AJ-011586//ONT LINK/2930492,2930492,241-AJ-011586,398 FOREST RIDGE DR ,,LVRGTNXAAJ
LAVERGNE,FDHAJ,6,,Unassigned,PON-DISTR,24100,241-AJ-522 FP1,522,FP1,FOREST RIDGE DR,MAP-33,,,,,241-02-007782,505 DAVIDS WAY ,,LVRGTNXAAJ
LAVERGNE,FDHAJ,7,,Unassigned,PON-DISTR,24100,241-AJ-522 FP1,522,FP1,FOREST RIDGE DR,MAP-33,,,,,241-02-007777,503 DAVIDS WAY ,,LVRGTNXAAJ
LAVERGNE,FDHAJ,8,,Unassigned,PON-DISTR,24100,241-AJ-494 FP10,494,FP10,FOREST RIDGE DR,MAP-33,,,,,241-AJ-011624,482 FOREST RIDGE DR ,,LVRGTNXAAJ
LAVERGNE,FDHAJ,9,,Unassigned,PON-DISTR,24100,241-AJ-494 FP10,494,FP10,FOREST RIDGE DR,MAP-33,,,,,241-02-011602,479 FOREST RIDGE DR ,,LVRGTNXAAJ
LAVERGNE,FDHAJ,10,,Unassigned,PON-DISTR,24100,241-AJ-494 FP9,494,FP9,FOREST RIDGE DR,MAP-33,,,,,241-AJ-011643,484 FOREST RIDGE DR ,,LVRGTNXAAJ
LAVERGNE,FDHAJ,11,,Unassigned,PON-DISTR,24100,241-AJ-494 FP9,494,FP9,FOREST RIDGE DR,MAP-33,,,,,241-02-011610,481 FOREST RIDGE DR ,,LVRGTNXAAJ
LAVERGNE,FDHAJ,12,,Inservice,PON-DISTR,24100,241-AJ-494 FP9,494,FP9,FOREST RIDGE DR,MAP-33,,,241-AJ-011665//ONT LINK/2934506,2934506,241-AJ-011665,486 FOREST RIDGE DR ,,LVRGTNXAAJ
LAVERGNE,FDHAJ,13,,Unassigned,PON-DISTR,24100,241-AJ-494 FP9,494,FP9,FOREST RIDGE DR,MAP-33,,,,,241-02-011631,483 FOREST RIDGE DR ,,LVRGTNXAAJ
LAVERGNE,FDHAJ,14,,Unassigned,PON-DISTR,24100,241-AJ-494 FP9,494,FP9,FOREST RIDGE DR,MAP-33,,,,,241-02-011648,485 FOREST RIDGE DR ,,LVRGTNXAAJ
LAVERGNE,FDHAJ,15,,Unassigned,PON-DISTR,24100,241-AJ-494 FP8,494,FP8,FOREST RIDGE DR,MAP-33,,,,,241-02-011671,487 FOREST RIDGE DR ,,LVRGTNXAAJ
LAVERGNE,FDHAJ,16,,Unassigned,PON-DISTR,24100,241-AJ-494 FP8,494,FP8,FOREST RIDGE DR,MAP-33,,,,,241-02-011677,488 FOREST RIDGE DR ,,LVRGTNXAAJ
LAVERGNE,FDHAJ,17,,Inservice,PON-DISTR,24100,241-AJ-494 FP8,494,FP8,FOREST RIDGE DR,MAP-33,,,241-02-011684/    /ONT LINK/3141481,3141481,241-02-011684,489 FOREST RIDGE DR ,,LVRGTNXAAJ
LAVERGNE,FDHAJ,18,,Unassigned,PON-DISTR,24100,241-AJ-494 FP8,494,FP8,FOREST RIDGE DR,MAP-33,,,,,241-AJ-011688,490 FOREST RIDGE DR ,,LVRGTNXAAJ
LAVERGNE,FDHAJ,19,,Inservice,PON-DISTR,24100,241-AJ-494 FP8,494,FP8,FOREST RIDGE DR,MAP-33,,,241-AJ-011697/    /ONT LINK/3001699,3001699,241-AJ-011697,491 FOREST RIDGE DR ,,LVRGTNXAAJ
LAVERGNE,FDHAJ,20,,Unassigned,PON-DISTR,24100,241-AJ-494 FP8,494,FP8,FOREST RIDGE DR,MAP-33,,,,,241-02-011702,492 FOREST RIDGE DR ,,LVRGTNXAAJ
LAVERGNE,FDHAJ,21,,Unassigned,PON-DISTR,24100,241-AJ-494 FP7,494,FP7,FOREST RIDGE DR,MAP-34,,,,,241-AJ-011707,493 FOREST RIDGE DR ,,LVRGTNXAAJ
LAVERGNE,FDHAJ,22,,Unassigned,PON-DISTR,24100,241-AJ-494 FP7,494,FP7,FOREST RIDGE DR,MAP-34,,,,,241-02-011717,494 FOREST RIDGE DR ,,LVRGTNXAAJ
LAVERGNE,FDHAJ,23,,Unassigned,PON-DISTR,24100,241-AJ-494 FP7,494,FP7,FOREST RIDGE DR,MAP-34,,,,,241-AJ-011726,495 FOREST RIDGE DR ,,LVRGTNXAAJ
LAVERGNE,FDHAJ,24,,Inservice,PON-DISTR,24100,241-AJ-494 FP7,494,FP7,FOREST RIDGE DR,MAP-34,,,241-AJ-011731//ONT LINK/2931017,2931017,241-AJ-011731,496 FOREST RIDGE DR ,,LVRGTNXAAJ
LAVERGNE,FDHAJ,25,,Unassigned,PON-DISTR,24100,241-AJ-494 FP7,494,FP7,FOREST RIDGE DR,MAP-34,,,,,241-02-011736,497 FOREST RIDGE DR ,,LVRGTNXAAJ
LAVERGNE,FDHAJ,26,,Inservice,PON-DISTR,24100,241-AJ-494 FP7,494,FP7,FOREST RIDGE DR,MAP-34,,,241-AJ-011751//ONT LINK/2934468,2934468,241-AJ-011751,498 FOREST RIDGE DR ,,LVRGTNXAAJ
LAVERGNE,FDHAJ,27,,Unassigned,PON-DISTR,24100,241-AJ-512 FP2,512,FP2,BRENT CV,MAP-36,,,,,241-02-069940,306 BRENT CV ,,LVRGTNXAAJ
LAVERGNE,FDHAJ,28,,Inservice,PON-DISTR,24100,241-AJ-512 FP2,512,FP2,BRENT CV,MAP-36,,,241-AJ-069927//ONT LINK/2930914,2930914,241-AJ-069927,304 BRENT CV ,,LVRGTNXAAJ
LAVERGNE,FDHAJ,29,,Unassigned,PON-DISTR,24100,241-AJ-512 FP2,512,FP2,BRENT CV,MAP-36,,,,,241-AJ-069958,307 BRENT CV ,,LVRGTNXAAJ
LAVERGNE,FDHAJ,30,,Inservice,PON-DISTR,24100,241-AJ-512 FP2,512,FP2,BRENT CV,MAP-36,,,241-02-069909/    /ONT LINK/3295525,3295525,241-02-069909,302 BRENT CV ,,LVRGTNXAAJ
LAVERGNE,FDHAJ,31,,Unassigned,PON-DISTR,24100,241-AJ-512 FP1,512,FP1,BRENT CV,MAP-36,,,,,241-02-069932,305 BRENT CV ,,LVRGTNXAAJ
LAVERGNE,FDHAJ,32,,Inservice,PON-DISTR,24100,241-AJ-512 FP1,512,FP1,BRENT CV,MAP-36,,,241-AJ-069917//ONT LINK/2929460,2929460,241-AJ-069917,303 BRENT CV ,,LVRGTNXAAJ
LAVERGNE,FDHAJ,33,,Inservice,PON-DISTR,24100,241-AJ-494 FP6,494,FP6,FOREST RIDGE DR,MAP-34,,,241-AJ-011759/    /ONT LINK/3037766,3037766,241-AJ-011759,591 FOREST RIDGE DR ,,LVRGTNXAAJ
LAVERGNE,FDHAJ,34,,Unassigned,PON-DISTR,24100,241-AJ-494 FP6,494,FP6,FOREST RIDGE DR,MAP-34,,,,,241-AJ-011763,592 FOREST RIDGE DR ,,LVRGTNXAAJ
LAVERGNE,FDHAJ,35,,Unassigned,PON-DISTR,24100,241-AJ-494 FP6,494,FP6,FOREST RIDGE DR,MAP-34,,,,,241-AJ-011767,593 FOREST RIDGE DR ,,LVRGTNXAAJ
LAVERGNE,FDHAJ,36,,Inservice,PON-DISTR,24100,241-AJ-494 FP6,494,FP6,FOREST RIDGE DR,MAP-34,,,241-AJ-011788//ONT LINK/2930172,2930172,241-AJ-011788,595 FOREST RIDGE DR ,,LVRGTNXAAJ
LAVERGNE,FDHAJ,37,,Unassigned,PON-DISTR,24100,241-AJ-555 FP1,555,FP1,FOREST RIDGE DR,MAP-33,,,,,241-AJ-045756,603 ROCKY RIDGE CIR ,,LVRGTNXAAJ
LAVERGNE,FDHAJ,38,,Inservice,PON-DISTR,24100,241-AJ-555 FP1,555,FP1,FOREST RIDGE DR,MAP-33,,,241-AJ-045752//ONT LINK/2929273,2929273,241-AJ-045752,602 ROCKY RIDGE CIR ,,LVRGTNXAAJ
LAVERGNE,FDHAJ,39,,Unassigned,PON-DISTR,24100,241-AJ-555 FP1,555,FP1,FOREST RIDGE DR,MAP-33,,,,,241-AJ-045763,605 ROCKY RIDGE CIR ,,LVRGTNXAAJ
LAVERGNE,FDHAJ,40,,Unassigned,PON-DISTR,24100,241-AJ-555 FP1,555,FP1,FOREST RIDGE DR,MAP-33,,,,,241-AJ-045772,607 ROCKY RIDGE CIR ,,LVRGTNXAAJ
LAVERGNE,FDHAJ,41,,Inservice,PON-DISTR,24100,241-AJ-555 FP2,555,FP2,FOREST RIDGE DR,MAP-33,,,241-AJ-045779//ONT LINK/2929448,2929448,241-AJ-045779,609 ROCKY RIDGE CIR ,,LVRGTNXAAJ
LAVERGNE,FDHAJ,42,,Unassigned,PON-DISTR,24100,241-AJ-555 FP2,555,FP2,FOREST RIDGE DR,MAP-33,,,,,241-AJ-045761,604 ROCKY RIDGE CIR ,,LVRGTNXAAJ
LAVERGNE,FDHAJ,43,,Unassigned,PON-DISTR,24100,241-AJ-555 FP2,555,FP2,FOREST RIDGE DR,MAP-33,,,,,241-AJ-045768,606 ROCKY RIDGE CIR ,,LVRGTNXAAJ
LAVERGNE,FDHAJ,44,,Unassigned,PON-DISTR,24100,241-AJ-536 FP1,536,FP1,JOSH CV,MAP-33,,,,,241-02-023532,203 JOSH CV ,,LVRGTNXAAJ
LAVERGNE,FDHAJ,45,,Inservice,PON-DISTR,24100,241-AJ-536 FP1,536,FP1,JOSH CV,MAP-33,,,241-AJ-023558//ONT LINK/2934103,2934103,241-AJ-023558,205 JOSH CV ,,LVRGTNXAAJ
LAVERGNE,FDHAJ,46,,Inservice,PON-DISTR,24100,241-AJ-536 FP1,536,FP1,JOSH CV,MAP-33,,,241-AJ-023550//ONT LINK/2931618,2931618,241-AJ-023550,204 JOSH CV ,,LVRGTNXAAJ
LAVERGNE,FDHAJ,47,,Inservice,PON-DISTR,24100,241-AJ-536 FP1,536,FP1,JOSH CV,MAP-33,,,241-AJ-023525//ONT LINK/2931150,2931150,241-AJ-023525,202 JOSH CV ,,LVRGTNXAAJ
LAVERGNE,FDHAJ,50,,Inservice,PON-DISTR,24100,241-AJ-559 FP1,559,FP1,LAUREL CV,MAP-33,,,241-02-045776/    /ONT LINK/3260345,3260345,241-02-045776,608 ROCKY RIDGE CIR ,,LVRGTNXAAJ
LAVERGNE,FDHAJ,51,,Unassigned,PON-DISTR,24100,241-AJ-559 FP1,559,FP1,LAUREL CV,MAP-33,,,,,241-AJ-027090,303 LAUREL CV ,,LVRGTNXAAJ
LAVERGNE,FDHAJ,52,,Unassigned,PON-DISTR,24100,241-AJ-559 FP1,559,FP1,LAUREL CV,MAP-33,,,,,241-02-027079,302 LAUREL CV ,,LVRGTNXAAJ
LAVERGNE,FDHAJ,53,,Unassigned,PON-DISTR,24100,241-AJ-559 FP1,559,FP1,LAUREL CV,MAP-33,,,,,241-02-045790,616 ROCKY RIDGE CIR ,,LVRGTNXAAJ
LAVERGNE,FDHAJ,55,,Unassigned,PON-DISTR,24100,241-AJ-555 FP3,555,FP3,ROCKY RIDGE CR,MAP-33,,,,,241-AJ-023516,200 JOSH CV ,,LVRGTNXAAJ
LAVERGNE,FDHAJ,56,,Inservice,PON-DISTR,24100,241-AJ-555 FP3,555,FP3,ROCKY RIDGE CR,MAP-33,,,241-02-045782/    /ONT LINK/2997075,2997075,241-02-045782,611 ROCKY RIDGE CIR ,,LVRGTNXAAJ
LAVERGNE,FDHAJ,57,,Unassigned,PON-DISTR,24100,241-AJ-555 FP3,555,FP3,ROCKY RIDGE CR,MAP-33,,,,,241-02-045785,613 ROCKY RIDGE CIR ,,LVRGTNXAAJ
LAVERGNE,FDHAJ,62,,Inservice,PON-DISTR,24100,241-AJ-555 FP4,555,FP4,ROCKY RIDGE CR,MAP-31,,,241-02-045799/    /ONT LINK/3083540,3083540,241-02-045799,619 ROCKY RIDGE CIR ,,LVRGTNXAAJ
LAVERGNE,FDHAJ,63,,Unassigned,PON-DISTR,24100,241-AJ-555 FP4,555,FP4,ROCKY RIDGE CR,MAP-31,,,,,241-AJ-045808,621 ROCKY RIDGE CIR ,,LVRGTNXAAJ
LAVERGNE,FDHAJ,64,,Unassigned,PON-DISTR,24100,241-AJ-555 FP4,555,FP4,ROCKY RIDGE CR,MAP-31,,,,,241-AJ-045797,618 ROCKY RIDGE CIR ,,LVRGTNXAAJ
LAVERGNE,FDHAJ,65,,Inservice,PON-DISTR,24100,241-AJ-555 FP8,555,FP8,ROCKY RIDGE CR,MAP-31,,,241-AJ-045827//ONT LINK/2931417,2931417,241-AJ-045827,702 ROCKY RIDGE CIR ,,LVRGTNXAAJ
LAVERGNE,FDHAJ,66,,Unassigned,PON-DISTR,24100,241-AJ-555 FP8,555,FP8,ROCKY RIDGE CR,MAP-31,,,,,241-AJ-045837,704 ROCKY RIDGE CIR ,,LVRGTNXAAJ
LAVERGNE,FDHAJ,67,,Inservice,PON-DISTR,24100,241-AJ-555 FP8,555,FP8,ROCKY RIDGE CR,MAP-31,,,241-AJ-045842//ONT LINK/2931188,2931188,241-AJ-045842,705 ROCKY RIDGE CIR ,,LVRGTNXAAJ
LAVERGNE,FDHAJ,68,,Unassigned,PON-DISTR,24100,241-AJ-555 FP8,555,FP8,ROCKY RIDGE CR,MAP-31,,,,,241-AJ-045845,706 ROCKY RIDGE CIR ,,LVRGTNXAAJ
LAVERGNE,FDHAJ,69,,Inservice,PON-DISTR,24100,241-AJ-555 FP8,555,FP8,ROCKY RIDGE CR,MAP-31,,,241-AJ-045851//ONT LINK/2929191,2929191,241-AJ-045851,707 ROCKY RIDGE CIR ,,LVRGTNXAAJ
LAVERGNE,FDHAJ,70,,Unassigned,PON-DISTR,24100,241-AJ-555 FP9,555,FP9,ROCKY RIDGE CR,MAP-31,,,,,241-02-045853,708 ROCKY RIDGE CIR ,,LVRGTNXAAJ
LAVERGNE,FDHAJ,71,,Unassigned,PON-DISTR,24100,241-AJ-555 FP9,555,FP9,ROCKY RIDGE CR,MAP-31,,,,,241-02-045858,709 ROCKY RIDGE CIR ,,LVRGTNXAAJ
LAVERGNE,FDHAJ,72,,Unassigned,PON-DISTR,24100,241-AJ-555 FP9,555,FP9,ROCKY RIDGE CR,MAP-31,,,,,241-02-045864,711 ROCKY RIDGE CIR ,,LVRGTNXAAJ
LAVERGNE,FDHAJ,73,,Unassigned,PON-DISTR,24100,241-AJ-554 FP2,554,FP2,SHERRY CV,MAP-31,,,,,241-02-049622,307 SHERRY CV ,,LVRGTNXAAJ
LAVERGNE,FDHAJ,74,,Unassigned,PON-DISTR,24100,241-AJ-554 FP2,554,FP2,SHERRY CV,MAP-31,,,,,241-02-049617,306 SHERRY CV ,,LVRGTNXAAJ
LAVERGNE,FDHAJ,75,,Unassigned,PON-DISTR,24100,241-AJ-554 FP2,554,FP2,SHERRY CV,MAP-31,,,,,241-02-049613,305 SHERRY CV ,,LVRGTNXAAJ
LAVERGNE,FDHAJ,76,,Unassigned,PON-DISTR,24100,241-AJ-554 FP2,554,FP2,SHERRY CV,MAP-31,,,,,241-02-049605,304 SHERRY CV ,,LVRGTNXAAJ
LAVERGNE,FDHAJ,77,,Inservice,PON-DISTR,24100,241-AJ-554 FP2,554,FP2,SHERRY CV,MAP-31,,,241-02-049597/    /ONT LINK/3258297,3258297,241-02-049597,303 SHERRY CV ,,LVRGTNXAAJ
LAVERGNE,FDHAJ,78,,Unassigned,PON-DISTR,24100,241-AJ-554 FP1,554,FP1,SHERRY CV,MAP-31,,,,,241-AJ-049588,302 SHERRY CV ,,LVRGTNXAAJ
LAVERGNE,FDHAJ,79,,Unassigned,PON-DISTR,24100,241-AJ-554 FP1,554,FP1,SHERRY CV,MAP-31,,,,,241-AJ-049583,300 SHERRY CV ,,LVRGTNXAAJ
LAVERGNE,FDHAJ,80,,Unassigned,PON-DISTR,24100,241-AJ-555 FP5,555,FP5,ROCKY RIDGE CR,MAP-31,,,,,241-02-045804,620 ROCKY RIDGE CIR ,,LVRGTNXAAJ
LAVERGNE,FDHAJ,81,,Unassigned,PON-DISTR,24100,241-AJ-555 FP5,555,FP5,ROCKY RIDGE CR,MAP-31,,,,,241-AJ-045812,622 ROCKY RIDGE CIR ,,LVRGTNXAAJ
LAVERGNE,FDHAJ,85,,Inservice,PON-DISTR,24100,241-AJ-556 FP3,556,FP3,MEGAN CV,MAP-31,,,241-AJ-034678/    /ONT LINK/3272735,3272735,241-AJ-034678,409 MEAGAN CV ,,LVRGTNXAAJ
LAVERGNE,FDHAJ,86,,Unassigned,PON-DISTR,24100,241-AJ-556 FP3,556,FP3,MEGAN CV,MAP-31,,,,,241-02-034693,411 MEAGAN CV ,,LVRGTNXAAJ
LAVERGNE,FDHAJ,87,,Unassigned,PON-DISTR,24100,241-AJ-556 FP3,556,FP3,MEGAN CV,MAP-31,,,,,241-02-034666,407 MEAGAN CV ,,LVRGTNXAAJ
LAVERGNE,FDHAJ,88,,Inservice,PON-DISTR,24100,241-AJ-556 FP3,556,FP3,MEGAN CV,MAP-31,,,241-02-034684/    /ONT LINK/3287967,3287967,241-02-034684,410 MEAGAN CV ,,LVRGTNXAAJ
LAVERGNE,FDHAJ,89,,Inservice,PON-DISTR,24100,241-AJ-556 FP3,556,FP3,MEGAN CV,MAP-31,,,241-AJ-034651/    /ONT LINK/3072479,3072479,241-AJ-034651,405 MEAGAN CV ,,LVRGTNXAAJ
LAVERGNE,FDHAJ,90,,Unassigned,PON-DISTR,24100,241-AJ-556 FP2,556,FP2,MEGAN CV,MAP-31,,,,,241-AJ-034671,408 MEAGAN CV ,,LVRGTNXAAJ
LAVERGNE,FDHAJ,91,,Inservice,PON-DISTR,24100,241-AJ-556 FP2,556,FP2,MEGAN CV,MAP-31,,,241-02-034654/    /ONT LINK/3028320,3028320,241-02-034654,406 MEAGAN CV ,,LVRGTNXAAJ
LAVERGNE,FDHAJ,92,,Unassigned,PON-DISTR,24100,241-AJ-556 FP1,556,FP1,MEGAN CV,MAP-31,,,,,241-AJ-034643,404 MEAGAN CV ,,LVRGTNXAAJ
LAVERGNE,FDHAJ,93,,Unassigned,PON-DISTR,24100,241-AJ-556 FP1,556,FP1,MEGAN CV,MAP-31,,,,,241-AJ-034635,403 MEAGAN CV ,,LVRGTNXAAJ
LAVERGNE,FDHAJ,94,,Unassigned,PON-DISTR,24100,241-AJ-556 FP1,556,FP1,MEGAN CV,MAP-31,,,,,241-AJ-034623,402 MEAGAN CV ,,LVRGTNXAAJ
LAVERGNE,FDHAJ,102,,Unassigned,PON-DISTR,24100,241-AJ-561 FP1,561,FP1,GERALD SMITH LN,MAP-31,,,,,241-AJ-013643,502 JERALD SMITH LN ,,LVRGTNXAAJ
LAVERGNE,FDHAJ,105,,Unassigned,PON-DISTR,24100,241-AJ-555 FP6,555,FP6,ROCKY RIDGE CR,MAP-31,,,,,241-02-045816,625 ROCKY RIDGE CIR ,,LVRGTNXAAJ
LAVERGNE,FDHAJ,106,,Unassigned,PON-DISTR,24100,241-AJ-555 FP6,555,FP6,ROCKY RIDGE CR,MAP-31,,,,,241-AJ-045821,627 ROCKY RIDGE CIR ,,LVRGTNXAAJ
LAVERGNE,FDHAJ,107,,Unassigned,PON-DISTR,24100,241-AJ-555 FP7,555,FP7,ROCKY RIDGE CR,MAP-31,,,,,241-AJ-045824,701 ROCKY RIDGE CIR ,,LVRGTNXAAJ
LAVERGNE,FDHAJ,108,,Inservice,PON-DISTR,24100,241-AJ-555 FP7,555,FP7,ROCKY RIDGE CR,MAP-31,,,241-02-045829/    /ONT LINK/3168505,3168505,241-02-045829,703 ROCKY RIDGE CIR ,,LVRGTNXAAJ
LAVERGNE,FDHAJ,109,,Inservice,PON-DISTR,24100,241-AJ-494 FP5,494,FP5,FOREST RIDGE DR,MAP-37,,,241-AJ-011782//ONT LINK/2929823,2929823,241-AJ-011782,594 FOREST RIDGE DR ,,LVRGTNXAAJ
LAVERGNE,FDHAJ,110,,Inservice,PON-DISTR,24100,241-AJ-494 FP5,494,FP5,FOREST RIDGE DR,MAP-37,,,241-AJ-011794//ONT LINK/2930895,2930895,241-AJ-011794,596 FOREST RIDGE DR ,,LVRGTNXAAJ
LAVERGNE,FDHAJ,111,,Unassigned,PON-DISTR,24100,241-AJ-494 FP5,494,FP5,FOREST RIDGE DR,MAP-37,,,,,241-AJ-011800,598 FOREST RIDGE DR ,,LVRGTNXAAJ
LAVERGNE,FDHAJ,112,,Unassigned,PON-DISTR,24100,241-AJ-494 FP5,494,FP5,FOREST RIDGE DR,MAP-37,,,,,241-02-011806,690 FOREST RIDGE DR ,,LVRGTNXAAJ
LAVERGNE,FDHAJ,113,,Inservice,PON-DISTR,24100,241-AJ-494 FP4,494,FP4,FOREST RIDGE DR,MAP-37,,,241-AJ-011827//ONT LINK/2930628,2930628,241-AJ-011827,693 FOREST RIDGE DR ,,LVRGTNXAAJ
LAVERGNE,FDHAJ,114,,Unassigned,PON-DISTR,24100,241-AJ-494 FP4,494,FP4,FOREST RIDGE DR,MAP-37,,,,,241-02-011815,692 FOREST RIDGE DR ,,LVRGTNXAAJ
LAVERGNE,FDHAJ,115,,Unassigned,PON-DISTR,24100,241-AJ-494 FP4,494,FP4,FOREST RIDGE DR,MAP-37,,,,,241-AJ-011840,695 FOREST RIDGE DR ,,LVRGTNXAAJ
LAVERGNE,FDHAJ,116,,Inservice,PON-DISTR,24100,241-AJ-494 FP4,494,FP4,FOREST RIDGE DR,MAP-37,,,241-AJ-011835/    /ONT LINK/3037507,3037507,241-AJ-011835,694 FOREST RIDGE DR ,,LVRGTNXAAJ
LAVERGNE,FDHAJ,117,,Unassigned,PON-DISTR,24100,241-AJ-494 FP3,494,FP3,FOREST RIDGE DR,MAP-37,,,,,241-02-011845,696 FOREST RIDGE DR ,,LVRGTNXAAJ
LAVERGNE,FDHAJ,118,,Unassigned,PON-DISTR,24100,241-AJ-494 FP3,494,FP3,FOREST RIDGE DR,MAP-37,,,,,241-02-043406,301 PINE RIDGE LN ,,LVRGTNXAAJ
LAVERGNE,FDHAJ,119,,Inservice,PON-DISTR,24100,241-AJ-494 FP3,494,FP3,FOREST RIDGE DR,MAP-37,,,241-AJ-011859//ONT LINK/2929679,2929679,241-AJ-011859,700 FOREST RIDGE DR ,,LVRGTNXAAJ
LAVERGNE,FDHAJ,120,,Unassigned,PON-DISTR,24100,241-AJ-494 FP3,494,FP3,FOREST RIDGE DR,MAP-37,,,,,241-02-011869,702 FOREST RIDGE DR ,,LVRGTNXAAJ
LAVERGNE,FDHAJ,121,,Inservice,PON-DISTR,24100,241-AJ-517 FP4,517,FP4,PINE RIDGE LN,MAP-31,,,241-AJ-043539//ONT LINK/2929789,2929789,241-AJ-043539,323 PINE RIDGE LN ,,LVRGTNXAAJ
LAVERGNE,FDHAJ,122,,Pending Install,PON-DISTR,24100,241-AJ-517 FP4,517,FP4,PINE RIDGE LN,MAP-31,,,241-02-043542/    /ONT LINK/3555701,3555701,241-02-043542,324 PINE RIDGE LN ,,LVRGTNXAAJ
LAVERGNE,FDHAJ,123,,Unassigned,PON-DISTR,24100,241-AJ-517 FP4,517,FP4,PINE RIDGE LN,MAP-31,,,,,241-AJ-043528,321 PINE RIDGE LN ,,LVRGTNXAAJ
LAVERGNE,FDHAJ,124,,Unassigned,PON-DISTR,24100,241-AJ-517 FP4,517,FP4,PINE RIDGE LN,MAP-31,,,,,241-02-043532,322 PINE RIDGE LN ,,LVRGTNXAAJ
LAVERGNE,FDHAJ,125,,Unassigned,PON-DISTR,24100,241-AJ-517 FP4,517,FP4,PINE RIDGE LN,MAP-31,,,,,241-02-043516,320 PINE RIDGE LN ,,LVRGTNXAAJ
LAVERGNE,FDHAJ,126,,Unassigned,PON-DISTR,24100,241-AJ-517 FP4,517,FP4,PINE RIDGE LN,MAP-31,,,,,241-02-043506,318 PINE RIDGE LN ,,LVRGTNXAAJ
LAVERGNE,FDHAJ,127,,Unassigned,PON-DISTR,24100,241-AJ-517 FP3,517,FP3,PINE RIDGE LN,MAP-31,,,,,241-02-043511,319 PINE RIDGE LN ,,LVRGTNXAAJ
LAVERGNE,FDHAJ,128,,Inservice,PON-DISTR,24100,241-AJ-517 FP3,517,FP3,PINE RIDGE LN,MAP-31,,,241-AJ-043497//ONT LINK/2929779,2929779,241-AJ-043497,316 PINE RIDGE LN ,,LVRGTNXAAJ
LAVERGNE,FDHAJ,129,,Inservice,PON-DISTR,24100,241-AJ-517 FP3,517,FP3,PINE RIDGE LN,MAP-31,,,241-02-043500/    /ONT LINK/3507176,3507176,241-02-043500,317 PINE RIDGE LN ,,LVRGTNXAAJ
LAVERGNE,FDHAJ,130,,Inservice,PON-DISTR,24100,241-AJ-517 FP3,517,FP3,PINE RIDGE LN,MAP-31,,,241-AJ-043486//ONT LINK/2930067,2930067,241-AJ-043486,314 PINE RIDGE LN ,,LVRGTNXAAJ
LAVERGNE,FDHAJ,131,,Inservice,PON-DISTR,24100,241-AJ-517 FP3,517,FP3,PINE RIDGE LN,MAP-31,,,241-AJ-043491//ONT LINK/2930253,2930253,241-AJ-043491,315 PINE RIDGE LN ,,LVRGTNXAAJ
LAVERGNE,FDHAJ,133,,Unassigned,PON-DISTR,24100,241-AJ-517 FP2,517,FP2,PINE RIDGE LN,MAP-31,,,,,241-AJ-043479,313 PINE RIDGE LN ,,LVRGTNXAAJ
LAVERGNE,FDHAJ,134,,Unassigned,PON-DISTR,24100,241-AJ-517 FP2,517,FP2,PINE RIDGE LN,MAP-31,,,,,241-02-043474,312 PINE RIDGE LN ,,LVRGTNXAAJ
LAVERGNE,FDHAJ,135,,Unassigned,PON-DISTR,24100,241-AJ-517 FP2,517,FP2,PINE RIDGE LN,MAP-31,,,,,241-02-043471,311 PINE RIDGE LN ,,LVRGTNXAAJ
LAVERGNE,FDHAJ,136,,Unassigned,PON-DISTR,24100,241-AJ-517 FP2,517,FP2,PINE RIDGE LN,MAP-31,,,,,241-02-043466,310 PINE RIDGE LN ,,LVRGTNXAAJ
LAVERGNE,FDHAJ,137,,Inservice,PON-DISTR,24100,241-AJ-517 FP2,517,FP2,PINE RIDGE LN,MAP-31,,,241-AJ-043463//ONT LINK/2931626,2931626,241-AJ-043463,309 PINE RIDGE LN ,,LVRGTNXAAJ
LAVERGNE,FDHAJ,138,,Unassigned,PON-DISTR,24100,241-AJ-517 FP2,517,FP2,PINE RIDGE LN,MAP-31,,,,,241-02-043456,308 PINE RIDGE LN ,,LVRGTNXAAJ
LAVERGNE,FDHAJ,139,,Unassigned,PON-DISTR,24100,241-AJ-517 FP1,517,FP1,PINE RIDGE LN,MAP-31,,,,,241-AJ-043452,307 PINE RIDGE LN ,,LVRGTNXAAJ
LAVERGNE,FDHAJ,140,,Inservice,PON-DISTR,24100,241-AJ-517 FP1,517,FP1,PINE RIDGE LN,MAP-31,,,241-02-043439/    /ONT LINK/3508254,3508254,241-02-043439,306 PINE RIDGE LN ,,LVRGTNXAAJ
LAVERGNE,FDHAJ,141,,Unassigned,PON-DISTR,24100,241-AJ-517 FP1,517,FP1,PINE RIDGE LN,MAP-31,,,,,241-02-043435,305 PINE RIDGE LN ,,LVRGTNXAAJ
LAVERGNE,FDHAJ,142,,Unassigned,PON-DISTR,24100,241-AJ-517 FP1,517,FP1,PINE RIDGE LN,MAP-31,,,,,241-AJ-043426,304 PINE RIDGE LN ,,LVRGTNXAAJ
LAVERGNE,FDHAJ,143,,Unassigned,PON-DISTR,24100,241-AJ-517 FP1,517,FP1,PINE RIDGE LN,MAP-31,,,,,241-AJ-043420,303 PINE RIDGE LN ,,LVRGTNXAAJ
LAVERGNE,FDHAJ,144,,Inservice,PON-DISTR,24100,241-AJ-517 FP1,517,FP1,PINE RIDGE LN,MAP-31,,,241-AJ-043415//ONT LINK/2929858,2929858,241-AJ-043415,302 PINE RIDGE LN ,,LVRGTNXAAJ
LAVERGNE,FDHAJ,145,,Unassigned,PON-DISTR,24100,241-AJ-515 FP4,515,FP4,BLUE LAKE LN,MAP-31,,,,,241-AJ-069499,224 BLUE LAKE LN ,,LVRGTNXAAJ
LAVERGNE,FDHAJ,146,,Unassigned,PON-DISTR,24100,241-AJ-515 FP4,515,FP4,BLUE LAKE LN,MAP-31,,,,,241-02-069478,222 BLUE LAKE LN ,,LVRGTNXAAJ
LAVERGNE,FDHAJ,147,,Unassigned,PON-DISTR,24100,241-AJ-515 FP4,515,FP4,BLUE LAKE LN,MAP-31,,,,,241-02-069487,223 BLUE LAKE LN ,,LVRGTNXAAJ
LAVERGNE,FDHAJ,148,,Inservice,PON-DISTR,24100,241-AJ-515 FP4,515,FP4,BLUE LAKE LN,MAP-31,,,241-AJ-069475//ONT LINK/2931526,2931526,241-AJ-069475,220 BLUE LAKE LN ,,LVRGTNXAAJ
LAVERGNE,FDHAJ,149,,Unassigned,PON-DISTR,24100,241-AJ-515 FP3,515,FP3,BLUE LAKE LN,MAP-31,,,,,241-02-069467,219 BLUE LAKE LN ,,LVRGTNXAAJ
LAVERGNE,FDHAJ,150,,Inservice,PON-DISTR,24100,241-AJ-515 FP3,515,FP3,BLUE LAKE LN,MAP-31,,,241-AJ-069462//ONT LINK/2929366,2929366,241-AJ-069462,218 BLUE LAKE LN ,,LVRGTNXAAJ
LAVERGNE,FDHAJ,151,,Unassigned,PON-DISTR,24100,241-AJ-515 FP3,515,FP3,BLUE LAKE LN,MAP-31,,,,,241-02-069450,217 BLUE LAKE LN ,,LVRGTNXAAJ
LAVERGNE,FDHAJ,152,,Unassigned,PON-DISTR,24100,241-AJ-515 FP3,515,FP3,BLUE LAKE LN,MAP-31,,,,,241-AJ-069443,216 BLUE LAKE LN ,,LVRGTNXAAJ
LAVERGNE,FDHAJ,153,,Unassigned,PON-DISTR,24100,241-AJ-515 FP3,515,FP3,BLUE LAKE LN,MAP-31,,,,,241-02-069436,215 BLUE LAKE LN ,,LVRGTNXAAJ
LAVERGNE,FDHAJ,154,,Unassigned,PON-DISTR,24100,241-AJ-515 FP3,515,FP3,BLUE LAKE LN,MAP-31,,,,,241-AJ-069430,214 BLUE LAKE LN ,,LVRGTNXAAJ
LAVERGNE,FDHAJ,155,,Inservice,PON-DISTR,24100,241-AJ-515 FP3,515,FP3,BLUE LAKE LN,MAP-31,,,241-AJ-031724//ONT LINK/2931123,2931123,241-AJ-031724,213 BLUE LAKE LN ,,LVRGTNXAAJ
LAVERGNE,FDHAJ,157,,Unassigned,PON-DISTR,24100,241-AJ-515 FP2,515,FP2,BLUE LAKE LN,MAP-31,,,,,241-02-069415,212 BLUE LAKE LN ,,LVRGTNXAAJ
LAVERGNE,FDHAJ,158,,Unassigned,PON-DISTR,24100,241-AJ-515 FP2,515,FP2,BLUE LAKE LN,MAP-31,,,,,241-02-069406,211 BLUE LAKE LN ,,LVRGTNXAAJ
LAVERGNE,FDHAJ,159,,Unassigned,PON-DISTR,24100,241-AJ-515 FP2,515,FP2,BLUE LAKE LN,MAP-31,,,,,241-02-069398,210 BLUE LAKE LN ,,LVRGTNXAAJ
LAVERGNE,FDHAJ,160,,Unassigned,PON-DISTR,24100,241-AJ-515 FP2,515,FP2,BLUE LAKE LN,MAP-31,,,,,241-AJ-069389,209 BLUE LAKE LN ,,LVRGTNXAAJ
LAVERGNE,FDHAJ,161,,Unassigned,PON-DISTR,24100,241-AJ-515 FP2,515,FP2,BLUE LAKE LN,MAP-31,,,,,241-02-069379,208 BLUE LAKE LN ,,LVRGTNXAAJ
LAVERGNE,FDHAJ,162,,Unassigned,PON-DISTR,24100,241-AJ-515 FP1,515,FP1,BLUE LAKE LN,MAP-31,,,,,241-AJ-069374,207 BLUE LAKE LN ,,LVRGTNXAAJ
LAVERGNE,FDHAJ,163,,Unassigned,PON-DISTR,24100,241-AJ-515 FP1,515,FP1,BLUE LAKE LN,MAP-31,,,,,241-02-069364,206 BLUE LAKE LN ,,LVRGTNXAAJ
LAVERGNE,FDHAJ,164,,Unassigned,PON-DISTR,24100,241-AJ-515 FP1,515,FP1,BLUE LAKE LN,MAP-31,,,,,241-02-069354,205 BLUE LAKE LN ,,LVRGTNXAAJ
LAVERGNE,FDHAJ,165,,Unassigned,PON-DISTR,24100,241-AJ-515 FP1,515,FP1,BLUE LAKE LN,MAP-31,,,,,241-02-069344,204 BLUE LAKE LN ,,LVRGTNXAAJ
LAVERGNE,FDHAJ,166,,Unassigned,PON-DISTR,24100,241-AJ-515 FP1,515,FP1,BLUE LAKE LN,MAP-31,,,,,241-02-069336,203 BLUE LAKE LN ,,LVRGTNXAAJ
LAVERGNE,FDHAJ,167,,Inservice,PON-DISTR,24100,241-AJ-515 FP1,515,FP1,BLUE LAKE LN,MAP-31,,,241-AJ-069330//ONT LINK/2929278,2929278,241-AJ-069330,202 BLUE LAKE LN ,,LVRGTNXAAJ
LAVERGNE,FDHAJ,169,,Unassigned,PON-DISTR,24100,241-AJ-494 FP2,494,FP2,FOREST RIDGE DR,MAP-37,,,,,241-02-011881,706 FOREST RIDGE DR ,,LVRGTNXAAJ
LAVERGNE,FDHAJ,170,,Unassigned,PON-DISTR,24100,241-AJ-494 FP2,494,FP2,FOREST RIDGE DR,MAP-37,,,,,241-AJ-011526,300 FOREST RIDGE DR ,,LVRGTNXAAJ
LAVERGNE,FDHAJ,171,,Inservice,PON-DISTR,24100,241-AJ-494 FP2,494,FP2,FOREST RIDGE DR,MAP-37,,,241-AJ-011890//ONT LINK/2929055,2929055,241-AJ-011890,710 FOREST RIDGE DR ,,LVRGTNXAAJ
LAVERGNE,FDHAJ,172,,Unassigned,PON-DISTR,24100,241-AJ-494 FP1,494,FP1,FOREST RIDGE DR,MAP-37,,,,,241-02-011873,705 FOREST RIDGE DR ,,LVRGTNXAAJ
LAVERGNE,FDHAJ,173,,Unassigned,PON-DISTR,24100,241-AJ-494 FP1,494,FP1,FOREST RIDGE DR,MAP-37,,,,,241-02-011893,714 FOREST RIDGE DR ,,LVRGTNXAAJ
LAVERGNE,FDHAJ,174,,Inservice,PON-DISTR,24100,241-AJ-494 FP1,494,FP1,FOREST RIDGE DR,MAP-37,,,241-AJ-069322//ONT LINK/2929753,2929753,241-AJ-069322,200 BLUE LAKE LN ,,LVRGTNXAAJ
LAVERGNE,FDHAJ,175,,Inservice,PON-DISTR,24100,241-AJ-494 FP1,494,FP1,FOREST RIDGE DR,MAP-37,,,241-AJ-011905//ONT LINK/2929586,2929586,241-AJ-011905,800 FOREST RIDGE DR ,,LVRGTNXAAJ
LAVERGNE,FDHAJ,176,,Unassigned,PON-DISTR,24100,241-AJ-494 FP1,494,FP1,FOREST RIDGE DR,MAP-37,,,,,241-02-011908,804 FOREST RIDGE DR ,,LVRGTNXAAJ
LAVERGNE,FDHAJ,181,,Unassigned,PON-DISTR,24100,241-AJ-183 FP2,183,FP2,HOLLANDALE RD,MAP-31,,,,,241-AJ-018607,720 HOLLANDALE RD ,,LVRGTNXAAJ
LAVERGNE,FDHAJ,182,,Unassigned,PON-DISTR,24100,241-AJ-462 FP19,462,FP19,HOLLANDALE RD,MAP-31,,,,,241-43-018564,719 HOLLANDALE RD ,,LVRGTNXAAJ
LAVERGNE,FDHAJ,183,,Unassigned,PON-DISTR,24100,241-AJ-462 FP19,462,FP19,HOLLANDALE RD,MAP-31,,,,,241-43-018555,717 HOLLANDALE RD ,,LVRGTNXAAJ
LAVERGNE,FDHAJ,184,,Unassigned,PON-DISTR,24100,241-AJ-462 FP18,462,FP18,HOLLANDALE RD,MAP-31,,,,,241-43-018544,715 HOLLANDALE RD ,,LVRGTNXAAJ
LAVERGNE,FDHAJ,185,,Unassigned,PON-DISTR,24100,241-AJ-462 FP18,462,FP18,HOLLANDALE RD,MAP-31,,,,,241-AJ-018529,713 HOLLANDALE RD ,,LVRGTNXAAJ
LAVERGNE,FDHAJ,186,,Inservice,PON-DISTR,24100,241-AJ-462 FP17,462,FP17,HOLLANDALE RD,MAP-31,,,241-AJ-018524/    /ONT LINK/3534383,3534383,241-AJ-018524,711 HOLLANDALE RD ,,LVRGTNXAAJ
LAVERGNE,FDHAJ,187,,Unassigned,PON-DISTR,24100,241-AJ-462 FP17,462,FP17,HOLLANDALE RD,MAP-31,,,,,241-43-018504,709 HOLLANDALE RD ,,LVRGTNXAAJ
LAVERGNE,FDHAJ,188,,Unassigned,PON-DISTR,24100,241-AJ-462 FP17,462,FP17,HOLLANDALE RD,MAP-31,,,,,241-AJ-018493,707 HOLLANDALE RD ,,LVRGTNXAAJ
LAVERGNE,FDHAJ,192,,Unassigned,PON-DISTR,24100,241-AJ-462 FP16,462,FP16,HOLLANDALE RD,MAP-31,,,,,241-43-018486,705 HOLLANDALE RD ,,LVRGTNXAAJ
LAVERGNE,FDHAJ,193,,Inservice,PON-DISTR,24100,241-AJ-462 FP16,462,FP16,HOLLANDALE RD,MAP-31,,,241-AJ-018484//ONT LINK/2929084,2929084,241-AJ-018484,703 HOLLANDALE RD ,,LVRGTNXAAJ
LAVERGNE,FDHAJ,194,,Unassigned,PON-DISTR,24100,241-AJ-462 FP16,462,FP16,HOLLANDALE RD,MAP-31,,,,,241-43-018510,710 HOLLANDALE RD ,,LVRGTNXAAJ
LAVERGNE,FDHAJ,195,,Unassigned,PON-DISTR,24100,241-AJ-462 FP16,462,FP16,HOLLANDALE RD,MAP-31,,,,,241-43-018470,701 HOLLANDALE RD ,,LVRGTNXAAJ
LAVERGNE,FDHAJ,196,,Unassigned,PON-DISTR,24100,241-AJ-462 FP16,462,FP16,HOLLANDALE RD,MAP-31,,,,,241-AJ-069655,403 BON AQUA DR ,,LVRGTNXAAJ
LAVERGNE,FDHAJ,197,,Unassigned,PON-DISTR,24100,241-AJ-462 FP15,462,FP15,BON AQUA RD,MAP-31,,,,,241-AJ-069667,405 BON AQUA DR ,,LVRGTNXAAJ
LAVERGNE,FDHAJ,198,,Unassigned,PON-DISTR,24100,241-AJ-462 FP15,462,FP15,BON AQUA RD,MAP-31,,,,,241-AJ-069677,407 BON AQUA DR ,,LVRGTNXAAJ
LAVERGNE,FDHAJ,199,,Inservice,PON-DISTR,24100,241-AJ-462 FP15,462,FP15,BON AQUA RD,MAP-31,,,241-43-069683/    /ONT LINK/3275868,3275868,241-43-069683,409 BON AQUA DR ,,LVRGTNXAAJ
LAVERGNE,FDHAJ,200,,Unassigned,PON-DISTR,24100,241-AJ-458 FP1,458,FP1,BON AQUA RD,MAP-31,,,,,241-AJ-069696,411 BON AQUA DR ,,LVRGTNXAAJ
LAVERGNE,FDHAJ,201,,Unassigned,PON-DISTR,24100,241-AJ-458 FP1,458,FP1,BON AQUA RD,MAP-31,,,,,241-43-069660,404 BON AQUA DR ,,LVRGTNXAAJ
LAVERGNE,FDHAJ,205,,Unassigned,PON-DISTR,24100,241-AJ-462 FP14,462,FP14,HOLLANDALE RD,MAP-31,,,,,241-10-018456,700 HOLLANDALE RD ,,LVRGTNXAAJ
LAVERGNE,FDHAJ,206,,Unassigned,PON-DISTR,24100,241-AJ-462 FP14,462,FP14,HOLLANDALE RD,MAP-31,,,,,241-10-018437,698 HOLLANDALE RD ,,LVRGTNXAAJ
LAVERGNE,FDHAJ,207,,Unassigned,PON-DISTR,24100,241-AJ-462 FP14,462,FP14,HOLLANDALE RD,MAP-31,,,,,241-AJ-018450,699 HOLLANDALE RD ,,LVRGTNXAAJ
LAVERGNE,FDHAJ,208,,Unassigned,PON-DISTR,24100,241-AJ-462 FP14,462,FP14,HOLLANDALE RD,MAP-31,,,,,241-10-018411,696 HOLLANDALE RD ,,LVRGTNXAAJ
LAVERGNE,FDHAJ,209,,Unassigned,PON-DISTR,24100,241-AJ-462 FP14,462,FP14,HOLLANDALE RD,MAP-31,,,,,241-AJ-018426,697 HOLLANDALE RD ,,LVRGTNXAAJ
LAVERGNE,FDHAJ,210,,Unassigned,PON-DISTR,24100,241-AJ-462 FP13,462,FP13,HOLLANDALE RD,MAP-31,,,,,241-10-018398,694 HOLLANDALE RD ,,LVRGTNXAAJ
LAVERGNE,FDHAJ,211,,Inservice,PON-DISTR,24100,241-AJ-462 FP13,462,FP13,HOLLANDALE RD,MAP-31,,,241-AJ-018407//ONT LINK/2930888,2930888,241-AJ-018407,695 HOLLANDALE RD ,,LVRGTNXAAJ
LAVERGNE,FDHAJ,212,,Inservice,PON-DISTR,24100,241-AJ-462 FP13,462,FP13,HOLLANDALE RD,MAP-31,,,241-AJ-018385//ONT LINK/2929854,2929854,241-AJ-018385,692 HOLLANDALE RD ,,LVRGTNXAAJ
LAVERGNE,FDHAJ,213,,Unassigned,PON-DISTR,24100,241-AJ-462 FP13,462,FP13,HOLLANDALE RD,MAP-31,,,,,241-10-018390,693 HOLLANDALE RD ,,LVRGTNXAAJ
LAVERGNE,FDHAJ,214,,Unassigned,PON-DISTR,24100,241-AJ-462 FP13,462,FP13,HOLLANDALE RD,MAP-31,,,,,241-10-018365,690 HOLLANDALE RD ,,LVRGTNXAAJ
LAVERGNE,FDHAJ,215,,Unassigned,PON-DISTR,24100,241-AJ-462 FP13,462,FP13,HOLLANDALE RD,MAP-31,,,,,241-10-018377,691 HOLLANDALE RD ,,LVRGTNXAAJ
LAVERGNE,FDHAJ,218,,Unassigned,PON-DISTR,24100,241-AJ-632 FP1,632,FP1,WATERS EDGE LN,MAP-31,,,,,241-10-056015,411 WATERSEDGE LN ,,LVRGTNXAAJ
LAVERGNE,FDHAJ,219,,Inservice,PON-DISTR,24100,241-AJ-632 FP1,632,FP1,WATERS EDGE LN,MAP-31,,,241-AJ-056014//ONT LINK/2931120,2931120,241-AJ-056014,409 WATERSEDGE LN ,,LVRGTNXAAJ
LAVERGNE,FDHAJ,220,,Inservice,PON-DISTR,24100,241-AJ-628 FP2,628,FP2,WATERS EDGE LN,MAP-31,,,241-AJ-056004/    /ONT LINK/3037515,3037515,241-AJ-056004,407 WATERSEDGE LN ,,LVRGTNXAAJ
LAVERGNE,FDHAJ,221,,Inservice,PON-DISTR,24100,241-AJ-628 FP2,628,FP2,WATERS EDGE LN,MAP-31,,,241-AJ-055999//ONT LINK/2930735,2930735,241-AJ-055999,405 WATERSEDGE LN ,,LVRGTNXAAJ
LAVERGNE,FDHAJ,222,,Inservice,PON-DISTR,24100,241-AJ-628 FP2,628,FP2,WATERS EDGE LN,MAP-31,,,241-AJ-055987/    /ONT LINK/3266946,3266946,241-AJ-055987,402 WATERSEDGE LN ,,LVRGTNXAAJ
LAVERGNE,FDHAJ,223,,Unassigned,PON-DISTR,24100,241-AJ-628 FP3,628,FP3,WATERS EDGE LN,MAP-31,,,,,241-10-055993,404 WATERSEDGE LN ,,LVRGTNXAAJ
LAVERGNE,FDHAJ,224,,Inservice,PON-DISTR,24100,241-AJ-628 FP3,628,FP3,WATERS EDGE LN,MAP-31,,,241-AJ-056003//ONT LINK/2929910,2929910,241-AJ-056003,406 WATERSEDGE LN ,,LVRGTNXAAJ
LAVERGNE,FDHAJ,225,,Unassigned,PON-DISTR,24100,241-AJ-628 FP4,628,FP4,WATERS EDGE LN,MAP-31,,,,,241-10-056008,408 WATERSEDGE LN ,,LVRGTNXAAJ
LAVERGNE,FDHAJ,229,,Unassigned,PON-DISTR,24100,241-AJ-462 FP12,462,FP12,HOLLANDALE RD,MAP-31,,,,,241-10-018354,689 HOLLANDALE RD ,,LVRGTNXAAJ
LAVERGNE,FDHAJ,230,,Unassigned,PON-DISTR,24100,241-AJ-462 FP12,462,FP12,HOLLANDALE RD,MAP-31,,,,,241-AJ-018333,686 HOLLANDALE RD ,,LVRGTNXAAJ
LAVERGNE,FDHAJ,231,,Inservice,PON-DISTR,24100,241-AJ-462 FP12,462,FP12,HOLLANDALE RD,MAP-31,,,241-AJ-018343//ONT LINK/2929531,2929531,241-AJ-018343,687 HOLLANDALE RD ,,LVRGTNXAAJ
LAVERGNE,FDHAJ,232,,Unassigned,PON-DISTR,24100,241-AJ-462 FP12,462,FP12,HOLLANDALE RD,MAP-31,,,,,241-AJ-018313,684 HOLLANDALE RD ,,LVRGTNXAAJ
LAVERGNE,FDHAJ,233,,Inservice,PON-DISTR,24100,241-AJ-462 FP12,462,FP12,HOLLANDALE RD,MAP-31,,,241-AJ-018325//ONT LINK/2930714,2930714,241-AJ-018325,685 HOLLANDALE RD ,,LVRGTNXAAJ
LAVERGNE,FDHAJ,234,,Unassigned,PON-DISTR,24100,241-AJ-462 FP12,462,FP12,HOLLANDALE RD,MAP-31,,,,,241-AJ-018309,683 HOLLANDALE RD ,,LVRGTNXAAJ
LAVERGNE,FDHAJ,235,,Inservice,PON-DISTR,24100,241-AJ-462 FP11,462,FP11,HOLLANDALE RD,MAP-31,,,241-AJ-018292//ONT LINK/2931392,2931392,241-AJ-018292,681 HOLLANDALE RD ,,LVRGTNXAAJ
LAVERGNE,FDHAJ,236,,Inservice,PON-DISTR,24100,241-AJ-462 FP11,462,FP11,HOLLANDALE RD,MAP-31,,,241-10-018297/    /ONT LINK/3546726,3546726,241-10-018297,682 HOLLANDALE RD ,,LVRGTNXAAJ
LAVERGNE,FDHAJ,237,,Unassigned,PON-DISTR,24100,241-AJ-462 FP11,462,FP11,HOLLANDALE RD,MAP-31,,,,,241-AJ-018274,679 HOLLANDALE RD ,,LVRGTNXAAJ
LAVERGNE,FDHAJ,238,,Inservice,PON-DISTR,24100,241-AJ-462 FP11,462,FP11,HOLLANDALE RD,MAP-31,,,241-AJ-018284//ONT LINK/2930372,2930372,241-AJ-018284,680 HOLLANDALE RD ,,LVRGTNXAAJ
LAVERGNE,FDHAJ,239,,Unassigned,PON-DISTR,24100,241-AJ-462 FP11,462,FP11,HOLLANDALE RD,MAP-31,,,,,241-AJ-018252,677 HOLLANDALE RD ,,LVRGTNXAAJ
LAVERGNE,FDHAJ,240,,Unassigned,PON-DISTR,24100,241-AJ-462 FP11,462,FP11,HOLLANDALE RD,MAP-31,,,,,241-10-018258,678 HOLLANDALE RD ,,LVRGTNXAAJ
LAVERGNE,FDHAJ,241,,Unassigned,PON-DISTR,24100,241-AJ-689 FP4,689,FP4,ANGLE WAY,MAP-35,,,,,241-AJ-064405,614 ANGEL WAY ,,LVRGTNXAAJ
LAVERGNE,FDHAJ,242,,Inservice,PON-DISTR,24100,241-AJ-689 FP4,689,FP4,ANGLE WAY,MAP-35,,,241-AJ-064400//ONT LINK/2929167,2929167,241-AJ-064400,612 ANGEL WAY ,,LVRGTNXAAJ
LAVERGNE,FDHAJ,243,,Inservice,PON-DISTR,24100,241-AJ-689 FP3,689,FP3,ANGLE WAY,MAP-35,,,241-AJ-064395//ONT LINK/2931040,2931040,241-AJ-064395,610 ANGEL WAY ,,LVRGTNXAAJ
LAVERGNE,FDHAJ,244,,Unassigned,PON-DISTR,24100,241-AJ-689 FP3,689,FP3,ANGLE WAY,MAP-35,,,,,241-AJ-064390,608 ANGEL WAY ,,LVRGTNXAAJ
LAVERGNE,FDHAJ,245,,Unassigned,PON-DISTR,24100,241-AJ-689 FP3,689,FP3,ANGLE WAY,MAP-35,,,,,241-10-064340,607 ANGEL WAY ,,LVRGTNXAAJ
LAVERGNE,FDHAJ,246,,Unassigned,PON-DISTR,24100,241-AJ-689 FP3,689,FP3,ANGLE WAY,MAP-35,,,,,241-AJ-064381,606 ANGEL WAY ,,LVRGTNXAAJ
LAVERGNE,FDHAJ,247,,Unassigned,PON-DISTR,24100,241-AJ-689 FP2,689,FP2,ANGLE WAY,MAP-41,,,,,241-10-064331,605 ANGEL WAY ,,LVRGTNXAAJ
LAVERGNE,FDHAJ,248,,Unassigned,PON-DISTR,24100,241-AJ-689 FP2,689,FP2,ANGLE WAY,MAP-41,,,,,241-AJ-064371,604 ANGEL WAY ,,LVRGTNXAAJ
LAVERGNE,FDHAJ,249,,Inservice,PON-DISTR,24100,241-AJ-689 FP2,689,FP2,ANGLE WAY,MAP-41,,,241-10-064321/    /ONT LINK/3269548,3269548,241-10-064321,603 ANGEL WAY ,,LVRGTNXAAJ
LAVERGNE,FDHAJ,250,,Unassigned,PON-DISTR,24100,241-AJ-689 FP2,689,FP2,ANGLE WAY,MAP-41,,,,,241-AJ-064363,602 ANGEL WAY ,,LVRGTNXAAJ
LAVERGNE,FDHAJ,253,,Unassigned,PON-DISTR,24100,241-AJ-462 FP3,462,FP3,HOLLANDALE RD,MAP-41,,,,,241-10-017880,578 HOLLANDALE RD ,,LVRGTNXAAJ
LAVERGNE,FDHAJ,254,,Unassigned,PON-DISTR,24100,241-AJ-462 FP3,462,FP3,HOLLANDALE RD,MAP-41,,,,,241-10-017891,581 HOLLANDALE RD ,,LVRGTNXAAJ
LAVERGNE,FDHAJ,255,,Unassigned,PON-DISTR,24100,241-AJ-462 FP3,462,FP3,HOLLANDALE RD,MAP-41,,,,,241-10-017898,583 HOLLANDALE RD ,,LVRGTNXAAJ
LAVERGNE,FDHAJ,256,,Inservice,PON-DISTR,24100,241-AJ-462 FP4,462,FP4,HOLLANDALE RD,MAP-41,,,241-10-017904/    /ONT LINK/3037021,3037021,241-10-017904,585 HOLLANDALE RD ,,LVRGTNXAAJ
LAVERGNE,FDHAJ,257,,Unassigned,PON-DISTR,24100,241-AJ-462 FP4,462,FP4,HOLLANDALE RD,MAP-41,,,,,241-10-017913,587 HOLLANDALE RD ,,LVRGTNXAAJ
LAVERGNE,FDHAJ,258,,Unassigned,PON-DISTR,24100,241-AJ-462 FP4,462,FP4,HOLLANDALE RD,MAP-41,,,,,241-10-017990,600 HOLLANDALE RD ,,LVRGTNXAAJ
LAVERGNE,FDHAJ,259,,Unassigned,PON-DISTR,24100,241-AJ-462 FP4,462,FP4,HOLLANDALE RD,MAP-41,,,,,241-AJ-017923,589 HOLLANDALE RD ,,LVRGTNXAAJ
LAVERGNE,FDHAJ,260,,Unassigned,PON-DISTR,24100,241-AJ-462 FP5,462,FP5,HOLLANDALE RD,MAP-41,,,,,241-AJ-017934,591 HOLLANDALE RD ,,LVRGTNXAAJ
LAVERGNE,FDHAJ,261,,Unassigned,PON-DISTR,24100,241-AJ-462 FP5,462,FP5,HOLLANDALE RD,MAP-41,,,,,241-10-018003,601 HOLLANDALE RD ,,LVRGTNXAAJ
LAVERGNE,FDHAJ,262,,Inservice,PON-DISTR,24100,241-AJ-462 FP5,462,FP5,HOLLANDALE RD,MAP-41,,,241-AJ-017942/    /ONT LINK/3167060,3167060,241-AJ-017942,593 HOLLANDALE RD ,,LVRGTNXAAJ
LAVERGNE,FDHAJ,263,,Unassigned,PON-DISTR,24100,241-AJ-462 FP5,462,FP5,HOLLANDALE RD,MAP-41,,,,,241-10-017948,595 HOLLANDALE RD ,,LVRGTNXAAJ
LAVERGNE,FDHAJ,265,,Unassigned,PON-DISTR,24100,241-AJ-462 FP6,462,FP6,HOLLANDALE RD,MAP-41,,,,,241-10-017971,597 HOLLANDALE RD ,,LVRGTNXAAJ
LAVERGNE,FDHAJ,266,,Unassigned,PON-DISTR,24100,241-AJ-462 FP6,462,FP6,HOLLANDALE RD,MAP-41,,,,,241-10-017958,596 HOLLANDALE RD ,,LVRGTNXAAJ
LAVERGNE,FDHAJ,267,,Unassigned,PON-DISTR,24100,241-AJ-462 FP6,462,FP6,HOLLANDALE RD,MAP-41,,,,,241-AJ-017984,599 HOLLANDALE RD ,,LVRGTNXAAJ
LAVERGNE,FDHAJ,268,,Unassigned,PON-DISTR,24100,241-AJ-462 FP6,462,FP6,HOLLANDALE RD,MAP-41,,,,,241-10-017990,600 HOLLANDALE RD ,,LVRGTNXAAJ
LAVERGNE,FDHAJ,269,,Unassigned,PON-DISTR,24100,241-AJ-462 FP6,462,FP6,HOLLANDALE RD,MAP-41,,,,,241-10-018003,601 HOLLANDALE RD ,,LVRGTNXAAJ
LAVERGNE,FDHAJ,270,,Inservice,PON-DISTR,24100,241-AJ-462 FP7,462,FP7,HOLLANDALE RD,MAP-41,,,241-AJ-018021//ONT LINK/2929442,2929442,241-AJ-018021,602 HOLLANDALE RD ,,LVRGTNXAAJ
LAVERGNE,FDHAJ,271,,Inservice,PON-DISTR,24100,241-AJ-462 FP7,462,FP7,HOLLANDALE RD,MAP-41,,,241-AJ-018033//ONT LINK/2931386,2931386,241-AJ-018033,603 HOLLANDALE RD ,,LVRGTNXAAJ
LAVERGNE,FDHAJ,272,,Inservice,PON-DISTR,24100,241-AJ-462 FP7,462,FP7,HOLLANDALE RD,MAP-41,,,241-AJ-018043//ONT LINK/2931496,2931496,241-AJ-018043,604 HOLLANDALE RD ,,LVRGTNXAAJ
LAVERGNE,FDHAJ,273,,Unassigned,PON-DISTR,24100,241-AJ-462 FP7,462,FP7,HOLLANDALE RD,MAP-41,,,,,241-AJ-018059,605 HOLLANDALE RD ,,LVRGTNXAAJ
LAVERGNE,FDHAJ,274,,Unassigned,PON-DISTR,24100,241-AJ-462 FP7,462,FP7,HOLLANDALE RD,MAP-41,,,,,241-10-018063,606 HOLLANDALE RD ,,LVRGTNXAAJ
LAVERGNE,FDHAJ,275,,Unassigned,PON-DISTR,24100,241-AJ-462 FP7,462,FP7,HOLLANDALE RD,MAP-41,,,,,241-10-018070,607 HOLLANDALE RD ,,LVRGTNXAAJ
LAVERGNE,FDHAJ,276,,Unassigned,PON-DISTR,24100,241-AJ-462 FP7,462,FP7,HOLLANDALE RD,MAP-41,,,,,241-AJ-018081,608 HOLLANDALE RD ,,LVRGTNXAAJ
LAVERGNE,FDHAJ,277,,Unassigned,PON-DISTR,24100,241-AJ-462 FP8,462,FP8,HOLLANDALE RD,MAP-41,,,,,241-10-018090,609 HOLLANDALE RD ,,LVRGTNXAAJ
LAVERGNE,FDHAJ,278,,Unassigned,PON-DISTR,24100,241-AJ-462 FP8,462,FP8,HOLLANDALE RD,MAP-41,,,,,241-10-018101,610 HOLLANDALE RD ,,LVRGTNXAAJ
LAVERGNE,FDHAJ,279,,Inservice,PON-DISTR,24100,241-AJ-462 FP8,462,FP8,HOLLANDALE RD,MAP-41,,,241-AJ-018116//ONT LINK/2930934,2930934,241-AJ-018116,611 HOLLANDALE RD ,,LVRGTNXAAJ
LAVERGNE,FDHAJ,280,,Inservice,PON-DISTR,24100,241-AJ-462 FP8,462,FP8,HOLLANDALE RD,MAP-41,,,241-10-018119/    /ONT LINK/3253810,3253810,241-10-018119,612 HOLLANDALE RD ,,LVRGTNXAAJ
LAVERGNE,FDHAJ,281,,Unassigned,PON-DISTR,24100,241-AJ-462 FP8,462,FP8,HOLLANDALE RD,MAP-41,,,,,241-AJ-018131,613 HOLLANDALE RD ,,LVRGTNXAAJ
LAVERGNE,FDHAJ,282,,Unassigned,PON-DISTR,24100,241-AJ-462 FP8,462,FP8,HOLLANDALE RD,MAP-41,,,,,241-10-018137,614 HOLLANDALE RD ,,LVRGTNXAAJ
LAVERGNE,FDHAJ,283,,Unassigned,PON-DISTR,24100,241-AJ-462 FP8,462,FP8,HOLLANDALE RD,MAP-41,,,,,241-10-018147,615 HOLLANDALE RD ,,LVRGTNXAAJ
LAVERGNE,FDHAJ,285,,Unassigned,PON-DISTR,24100,241-AJ-462 FP2,462,FP2,HOLLANDALE RD,MAP-41,,,,,241-10-017876,577 HOLLANDALE RD ,,LVRGTNXAAJ
LAVERGNE,FDHAJ,287,,Inservice,PON-DISTR,24100,241-AJ-462 FP1,462,FP1,HOLLANDALE RD,MAP-41,,,241-AJ-067532//ONT LINK/2930278,2930278,241-AJ-067532,102 BILL STEWART BLVD ,,LVRGTNXAAJ
LAVERGNE,FDHAJ,288,,Unassigned,PON-DISTR,24100,241-AJ-462 FP1,462,FP1,HOLLANDALE RD,MAP-41,,,,,241-AJ-042508,400 HOLLANDALE RD ,,LVRGTNXAAJ
LAVERGNE,FDHAJ,289,,Unassigned,PON-DISTR,24100,241-AJ-462 FP9,462,FP9,HOLLANDALE RD,MAP-37,,,,,241-10-018172,617 HOLLANDALE RD ,,LVRGTNXAAJ
LAVERGNE,FDHAJ,290,,Unassigned,PON-DISTR,24100,241-AJ-462 FP9,462,FP9,HOLLANDALE RD,MAP-37,,,,,241-10-018161,616 HOLLANDALE RD ,,LVRGTNXAAJ
LAVERGNE,FDHAJ,291,,Unassigned,PON-DISTR,24100,241-AJ-462 FP9,462,FP9,HOLLANDALE RD,MAP-37,,,,,241-10-018194,619 HOLLANDALE RD ,,LVRGTNXAAJ
LAVERGNE,FDHAJ,292,,Inservice,PON-DISTR,24100,241-AJ-462 FP9,462,FP9,HOLLANDALE RD,MAP-37,,,241-AJ-018188//ONT LINK/2930720,2930720,241-AJ-018188,618 HOLLANDALE RD ,,LVRGTNXAAJ
LAVERGNE,FDHAJ,293,,Unassigned,PON-DISTR,24100,241-AJ-462 FP9,462,FP9,HOLLANDALE RD,MAP-37,,,,,241-10-018213,621 HOLLANDALE RD ,,LVRGTNXAAJ
LAVERGNE,FDHAJ,294,,Inservice,PON-DISTR,24100,241-AJ-462 FP9,462,FP9,HOLLANDALE RD,MAP-37,,,241-AJ-018207//ONT LINK/2929855,2929855,241-AJ-018207,620 HOLLANDALE RD ,,LVRGTNXAAJ
LAVERGNE,FDHAJ,295,,Unassigned,PON-DISTR,24100,241-AJ-462 FP9,462,FP9,HOLLANDALE RD,MAP-37,,,,,241-10-018226,622 HOLLANDALE RD ,,LVRGTNXAAJ
LAVERGNE,FDHAJ,296,,Unassigned,PON-DISTR,24100,241-AJ-462 FP10,462,FP10,FOREST RIDGE DR,MAP-37,,,,,241-10-018238,624 HOLLANDALE RD ,,LVRGTNXAAJ
LAVERGNE,FDHAJ,297,,Unassigned,PON-DISTR,24100,241-AJ-462 FP10,462,FP10,FOREST RIDGE DR,MAP-37,,,,,241-10-016954,101 HOLLAND RIDGE DR ,,LVRGTNXAAJ
LAVERGNE,FDHAJ,298,,Unassigned,PON-DISTR,24100,241-AJ-462 FP10,462,FP10,FOREST RIDGE DR,MAP-37,,,,,241-AJ-011919,805 FOREST RIDGE DR ,,LVRGTNXAAJ
LAVERGNE,FDHAJ,299,,Unassigned,PON-DISTR,24100,241-AJ-462 FP10,462,FP10,FOREST RIDGE DR,MAP-37,,,,,241-AJ-011922,806 FOREST RIDGE DR ,,LVRGTNXAAJ
LAVERGNE,FDHAJ,301,,Unassigned,PON-DISTR,24100,241-AJ-463 FP1,463,FP1,STEWART RD,MAP-41,,,,,241-10-067520,104 BILL STEWART BLVD ,,LVRGTNXAAJ
LAVERGNE,FDHAJ,302,,Unassigned,PON-DISTR,24100,241-AJ-463 FP1,463,FP1,STEWART RD,MAP-41,,,,,241-10-067530,107 BILL STEWART BLVD ,,LVRGTNXAAJ
LAVERGNE,FDHAJ,303,,Unassigned,PON-DISTR,24100,241-AJ-463 FP2,463,FP2,STEWART RD,MAP-41,,,,,241-10-067536,109 BILL STEWART BLVD ,,LVRGTNXAAJ
LAVERGNE,FDHAJ,304,,Inservice,PON-DISTR,24100,241-AJ-463 FP2,463,FP2,STEWART RD,MAP-41,,,241-10-067540/    /ONT LINK/3283640,3283640,241-10-067540,111 BILL STEWART BLVD ,,LVRGTNXAAJ
LAVERGNE,FDHAJ,305,,Inservice,PON-DISTR,24100,241-AJ-463 FP2,463,FP2,STEWART RD,MAP-41,,,241-AJ-138567/    /ONT LINK/3146831,3146831,241-AJ-138567,113 BILL STEWART BLVD ,,LVRGTNXAAJ
LAVERGNE,FDHAJ,306,,Unassigned,PON-DISTR,24100,241-AJ-467 FP1,467,FP1,RIVERWOOD DR,MAP-41,,,,,241-AJ-045527,102 RIVERWOOD DR ,,LVRGTNXAAJ
LAVERGNE,FDHAJ,307,,Unassigned,PON-DISTR,24100,241-AJ-467 FP1,467,FP1,RIVERWOOD DR,MAP-41,,,,,241-AJ-045522,101 RIVERWOOD DR ,,LVRGTNXAAJ
LAVERGNE,FDHAJ,308,,Unassigned,PON-DISTR,24100,241-AJ-467 FP1,467,FP1,RIVERWOOD DR,MAP-41,,,,,241-AJ-045535,104 RIVERWOOD DR ,,LVRGTNXAAJ
LAVERGNE,FDHAJ,309,,Unassigned,PON-DISTR,24100,241-AJ-467 FP1,467,FP1,RIVERWOOD DR,MAP-41,,,,,241-AJ-045531,103 RIVERWOOD DR ,,LVRGTNXAAJ
LAVERGNE,FDHAJ,310,,Inservice,PON-DISTR,24100,241-AJ-467 FP1,467,FP1,RIVERWOOD DR,MAP-41,,,241-AJ-045546//ONT LINK/2931553,2931553,241-AJ-045546,106 RIVERWOOD DR ,,LVRGTNXAAJ
LAVERGNE,FDHAJ,311,,Unassigned,PON-DISTR,24100,241-AJ-467 FP1,467,FP1,RIVERWOOD DR,MAP-41,,,,,241-02-045540,105 RIVERWOOD DR ,,LVRGTNXAAJ
LAVERGNE,FDHAJ,313,,Unassigned,PON-DISTR,24100,241-AJ-467 FP2,467,FP2,RIVERWOOD DR,MAP-41,,,,,241-AJ-045553,108 RIVERWOOD DR ,,LVRGTNXAAJ
LAVERGNE,FDHAJ,314,,Inservice,PON-DISTR,24100,241-AJ-467 FP2,467,FP2,RIVERWOOD DR,MAP-41,,,241-AJ-045565//ONT LINK/2930553,2930553,241-AJ-045565,110 RIVERWOOD DR ,,LVRGTNXAAJ
LAVERGNE,FDHAJ,315,,Unassigned,PON-DISTR,24100,241-AJ-467 FP2,467,FP2,RIVERWOOD DR,MAP-41,,,,,241-02-045557,109 RIVERWOOD DR ,,LVRGTNXAAJ
LAVERGNE,FDHAJ,316,,Unassigned,PON-DISTR,24100,241-AJ-467 FP2,467,FP2,RIVERWOOD DR,MAP-41,,,,,241-02-045573,112 RIVERWOOD DR ,,LVRGTNXAAJ
LAVERGNE,FDHAJ,317,,Unassigned,PON-DISTR,24100,241-AJ-467 FP2,467,FP2,RIVERWOOD DR,MAP-41,,,,,241-AJ-045568,111 RIVERWOOD DR ,,LVRGTNXAAJ
LAVERGNE,FDHAJ,318,,Unassigned,PON-DISTR,24100,241-AJ-467 FP3,467,FP3,RIVERWOOD DR,MAP-41,,,,,241-02-045584,114 RIVERWOOD DR ,,LVRGTNXAAJ
LAVERGNE,FDHAJ,319,,Unassigned,PON-DISTR,24100,241-AJ-467 FP3,467,FP3,RIVERWOOD DR,MAP-41,,,,,241-AJ-045579,113 RIVERWOOD DR ,,LVRGTNXAAJ
LAVERGNE,FDHAJ,320,,Unassigned,PON-DISTR,24100,241-AJ-467 FP3,467,FP3,RIVERWOOD DR,MAP-41,,,,,241-02-045593,116 RIVERWOOD DR ,,LVRGTNXAAJ
LAVERGNE,FDHAJ,321,,Unassigned,PON-DISTR,24100,241-AJ-467 FP3,467,FP3,RIVERWOOD DR,MAP-41,,,,,241-AJ-045588,115 RIVERWOOD DR ,,LVRGTNXAAJ
LAVERGNE,FDHAJ,322,,Unassigned,PON-DISTR,24100,241-AJ-467 FP3,467,FP3,RIVERWOOD DR,MAP-41,,,,,241-AJ-045617,117 RIVERWOOD DR ,,LVRGTNXAAJ
LAVERGNE,FDHAJ,323,,Unassigned,PON-DISTR,24100,241-AJ-482 FP4,482,FP4,HOLLAND RIDGE DR,MAP-41,,,,,241-AJ-016990,203 HOLLAND RIDGE DR ,,LVRGTNXAAJ
LAVERGNE,FDHAJ,324,,Inservice,PON-DISTR,24100,241-AJ-482 FP4,482,FP4,HOLLAND RIDGE DR,MAP-41,,,241-AJ-016984//ONT LINK/2930081,2930081,241-AJ-016984,202 HOLLAND RIDGE DR ,,LVRGTNXAAJ
LAVERGNE,FDHAJ,325,,Unassigned,PON-DISTR,24100,241-AJ-467 FP4,467,FP4,RIVERWOOD DR,MAP-41,,,,,241-02-045626,119 RIVERWOOD DR ,,LVRGTNXAAJ
LAVERGNE,FDHAJ,327,,Inservice,PON-DISTR,24100,241-AJ-467 FP4,467,FP4,RIVERWOOD DR,MAP-41,,,241-AJ-045635/    /ONT LINK/3083159,3083159,241-AJ-045635,121 RIVERWOOD DR ,,LVRGTNXAAJ
LAVERGNE,FDHAJ,328,,Unassigned,PON-DISTR,24100,241-AJ-467 FP4,467,FP4,RIVERWOOD DR,MAP-41,,,,,241-AJ-045630,120 RIVERWOOD DR ,,LVRGTNXAAJ
LAVERGNE,FDHAJ,329,,Unassigned,PON-DISTR,24100,241-AJ-467 FP4,467,FP4,RIVERWOOD DR,MAP-41,,,,,241-AJ-045644,123 RIVERWOOD DR ,,LVRGTNXAAJ
LAVERGNE,FDHAJ,330,,Unassigned,PON-DISTR,24100,241-AJ-467 FP4,467,FP4,RIVERWOOD DR,MAP-41,,,,,241-AJ-045640,122 RIVERWOOD DR ,,LVRGTNXAAJ
LAVERGNE,FDHAJ,331,,Unassigned,PON-DISTR,24100,241-AJ-467 FP5,467,FP5,RIVERWOOD DR,MAP-41,,,,,241-02-045655,125 RIVERWOOD DR ,,LVRGTNXAAJ
LAVERGNE,FDHAJ,332,,Unassigned,PON-DISTR,24100,241-AJ-467 FP5,467,FP5,RIVERWOOD DR,MAP-41,,,,,241-AJ-045649,124 RIVERWOOD DR ,,LVRGTNXAAJ
LAVERGNE,FDHAJ,333,,Unassigned,PON-DISTR,24100,241-AJ-467 FP5,467,FP5,RIVERWOOD DR,MAP-41,,,,,241-02-045663,127 RIVERWOOD DR ,,LVRGTNXAAJ
LAVERGNE,FDHAJ,334,,Unassigned,PON-DISTR,24100,241-AJ-467 FP5,467,FP5,RIVERWOOD DR,MAP-41,,,,,241-AJ-045660,126 RIVERWOOD DR ,,LVRGTNXAAJ
LAVERGNE,FDHAJ,335,,Unassigned,PON-DISTR,24100,241-AJ-467 FP5,467,FP5,RIVERWOOD DR,MAP-41,,,,,241-AJ-045670,129 RIVERWOOD DR ,,LVRGTNXAAJ
LAVERGNE,FDHAJ,336,,Unassigned,PON-DISTR,24100,241-AJ-467 FP5,467,FP5,RIVERWOOD DR,MAP-41,,,,,241-02-045667,128 RIVERWOOD DR ,,LVRGTNXAAJ
LAVERGNE,FDHAJ,337,,Inservice,PON-DISTR,24100,241-AJ-467 FP6,467,FP6,RIVERWOOD DR,MAP-41,,,241-AJ-045674//ONT LINK/2929575,2929575,241-AJ-045674,131 RIVERWOOD DR ,,LVRGTNXAAJ
LAVERGNE,FDHAJ,339,,Unassigned,PON-DISTR,24100,241-AJ-467 FP6,467,FP6,RIVERWOOD DR,MAP-41,,,,,241-AJ-045676,201 RIVERWOOD DR ,,LVRGTNXAAJ
LAVERGNE,FDHAJ,340,,Unassigned,PON-DISTR,24100,241-AJ-467 FP6,467,FP6,RIVERWOOD DR,MAP-41,,,,,241-02-045681,202 RIVERWOOD DR ,,LVRGTNXAAJ
LAVERGNE,FDHAJ,341,,Inservice,PON-DISTR,24100,241-AJ-467 FP6,467,FP6,RIVERWOOD DR,MAP-41,,,241-AJ-045687//ONT LINK/2930449,2930449,241-AJ-045687,203 RIVERWOOD DR ,,LVRGTNXAAJ
LAVERGNE,FDHAJ,342,,Unassigned,PON-DISTR,24100,241-AJ-467 FP6,467,FP6,RIVERWOOD DR,MAP-41,,,,,241-02-045689,204 RIVERWOOD DR ,,LVRGTNXAAJ
LAVERGNE,FDHAJ,343,,Unassigned,PON-DISTR,24100,241-AJ-467 FP7,467,FP7,RIVERWOOD DR,MAP-41,,,,,241-02-045693,205 RIVERWOOD DR ,,LVRGTNXAAJ
LAVERGNE,FDHAJ,344,,Unassigned,PON-DISTR,24100,241-AJ-467 FP7,467,FP7,RIVERWOOD DR,MAP-41,,,,,241-02-045697,206 RIVERWOOD DR ,,LVRGTNXAAJ
LAVERGNE,FDHAJ,345,,Inservice,PON-DISTR,24100,241-AJ-467 FP7,467,FP7,RIVERWOOD DR,MAP-41,,,241-02-045702/    /ONT LINK/3276278,3276278,241-02-045702,207 RIVERWOOD DR ,,LVRGTNXAAJ
LAVERGNE,FDHAJ,346,,Unassigned,PON-DISTR,24100,241-AJ-467 FP7,467,FP7,RIVERWOOD DR,MAP-41,,,,,241-02-045711,208 RIVERWOOD DR ,,LVRGTNXAAJ
LAVERGNE,FDHAJ,347,,Inservice,PON-DISTR,24100,241-AJ-467 FP7,467,FP7,RIVERWOOD DR,MAP-41,,,241-AJ-045716//ONT LINK/2934534,2934534,241-AJ-045716,209 RIVERWOOD DR ,,LVRGTNXAAJ
LAVERGNE,FDHAJ,349,,Inservice,PON-DISTR,24100,241-AJ-467 FP8,467,FP8,RIVERWOOD DR,MAP-37,,,241-AJ-045720//ONT LINK/2929566,2929566,241-AJ-045720,210 RIVERWOOD DR ,,LVRGTNXAAJ
LAVERGNE,FDHAJ,350,,Unassigned,PON-DISTR,24100,241-AJ-467 FP8,467,FP8,RIVERWOOD DR,MAP-37,,,,,241-02-045729,212 RIVERWOOD DR ,,LVRGTNXAAJ
LAVERGNE,FDHAJ,351,,Unassigned,PON-DISTR,24100,241-AJ-467 FP8,467,FP8,RIVERWOOD DR,MAP-37,,,,,241-AJ-045722,211 RIVERWOOD DR ,,LVRGTNXAAJ
LAVERGNE,FDHAJ,352,,Unassigned,PON-DISTR,24100,241-AJ-467 FP8,467,FP8,RIVERWOOD DR,MAP-37,,,,,241-AJ-045737,214 RIVERWOOD DR ,,LVRGTNXAAJ
LAVERGNE,FDHAJ,353,,Unassigned,PON-DISTR,24100,241-AJ-467 FP8,467,FP8,RIVERWOOD DR,MAP-37,,,,,241-AJ-045733,213 RIVERWOOD DR ,,LVRGTNXAAJ
LAVERGNE,FDHAJ,354,,Inservice,PON-DISTR,24100,241-AJ-467 FP8,467,FP8,RIVERWOOD DR,MAP-37,,,241-02-016994/    /ONT LINK/3273766,3273766,241-02-016994,205 HOLLAND RIDGE DR ,,LVRGTNXAAJ
LAVERGNE,FDHAJ,355,,Unassigned,PON-DISTR,24100,241-AJ-467 FP8,467,FP8,RIVERWOOD DR,MAP-37,,,,,241-AJ-045744,215 RIVERWOOD DR ,,LVRGTNXAAJ
LAVERGNE,FDHAJ,356,,Inservice,PON-DISTR,24100,241-AJ-482 FP6,482,FP6,HOLLAND RIDGE DR,MAP-37,,,241-AJ-050993//ONT LINK/2930558,2930558,241-AJ-050993,102 CEDAR BEND CT ,,LVRGTNXAAJ
LAVERGNE,FDHAJ,357,,Inservice,PON-DISTR,24100,241-AJ-482 FP6,482,FP6,HOLLAND RIDGE DR,MAP-37,,,241-AJ-002046//ONT LINK/2929447,2929447,241-AJ-002046,620 CEDAR BEND LN ,,LVRGTNXAAJ
LAVERGNE,FDHAJ,358,,Inservice,PON-DISTR,24100,241-AJ-482 FP6,482,FP6,HOLLAND RIDGE DR,MAP-37,,,241-AJ-016978//ONT LINK/2929790,2929790,241-AJ-016978,104 HOLLAND RIDGE DR ,,LVRGTNXAAJ
LAVERGNE,FDHAJ,359,,Unassigned,PON-DISTR,24100,241-AJ-482 FP6,482,FP6,HOLLAND RIDGE DR,MAP-37,,,,,241-02-016966,103 HOLLAND RIDGE DR ,,LVRGTNXAAJ
LAVERGNE,FDHAJ,361,,Unassigned,PON-DISTR,24100,241-AJ-467 FP11,467,FP11,RIVERWOOD CT,MAP-37,,,,,241-AJ-045517,311 RIVERWOOD CT ,,LVRGTNXAAJ
LAVERGNE,FDHAJ,362,,Unassigned,PON-DISTR,24100,241-AJ-467 FP11,467,FP11,RIVERWOOD CT,MAP-37,,,,,241-AJ-045514,310 RIVERWOOD CT ,,LVRGTNXAAJ
LAVERGNE,FDHAJ,363,,Unassigned,PON-DISTR,24100,241-AJ-467 FP11,467,FP11,RIVERWOOD CT,MAP-37,,,,,241-02-045509,309 RIVERWOOD CT ,,LVRGTNXAAJ
LAVERGNE,FDHAJ,364,,Unassigned,PON-DISTR,24100,241-AJ-467 FP11,467,FP11,RIVERWOOD CT,MAP-37,,,,,241-02-045504,308 RIVERWOOD CT ,,LVRGTNXAAJ
LAVERGNE,FDHAJ,365,,Inservice,PON-DISTR,24100,241-AJ-467 FP11,467,FP11,RIVERWOOD CT,MAP-37,,,241-02-045498/    /ONT LINK/3505836,3505836,241-02-045498,307 RIVERWOOD CT ,,LVRGTNXAAJ
LAVERGNE,FDHAJ,366,,Unassigned,PON-DISTR,24100,241-AJ-467 FP10,467,FP10,RIVERWOOD CT,MAP-37,,,,,241-AJ-045492,306 RIVERWOOD CT ,,LVRGTNXAAJ
LAVERGNE,FDHAJ,367,,Inservice,PON-DISTR,24100,241-AJ-467 FP10,467,FP10,RIVERWOOD CT,MAP-37,,,241-02-045488/    /ONT LINK/3148819,3148819,241-02-045488,305 RIVERWOOD CT ,,LVRGTNXAAJ
LAVERGNE,FDHAJ,368,,Unassigned,PON-DISTR,24100,241-AJ-467 FP10,467,FP10,RIVERWOOD CT,MAP-37,,,,,241-AJ-045484,304 RIVERWOOD CT ,,LVRGTNXAAJ
LAVERGNE,FDHAJ,369,,Inservice,PON-DISTR,24100,241-AJ-467 FP10,467,FP10,RIVERWOOD CT,MAP-37,,,241-AJ-045482//ONT LINK/2930742,2930742,241-AJ-045482,303 RIVERWOOD CT ,,LVRGTNXAAJ
LAVERGNE,FDHAJ,370,,Unassigned,PON-DISTR,24100,241-AJ-467 FP10,467,FP10,RIVERWOOD CT,MAP-37,,,,,241-AJ-045479,302 RIVERWOOD CT ,,LVRGTNXAAJ
LAVERGNE,FDHAJ,371,,Unassigned,PON-DISTR,24100,241-AJ-482 FP3,482,FP3,RIVERWOOD CT,MAP-37,,,,,241-AJ-045474,301 RIVERWOOD CT ,,LVRGTNXAAJ
LAVERGNE,FDHAJ,372,,Unassigned,PON-DISTR,24100,241-AJ-482 FP3,482,FP3,RIVERWOOD CT,MAP-37,,,,,241-AJ-045470,300 RIVERWOOD CT ,,LVRGTNXAAJ
LAVERGNE,FDHAJ,373,,Unassigned,PON-DISTR,24100,241-AJ-484 FP8,484,FP8,CEDAR BEND LN,MAP-41,,,,,241-AJ-001714,581 CEDAR BEND LN ,,LVRGTNXAAJ
LAVERGNE,FDHAJ,374,,Unassigned,PON-DISTR,24100,241-AJ-484 FP8,484,FP8,CEDAR BEND LN,MAP-41,,,,,241-02-001719,582 CEDAR BEND LN ,,LVRGTNXAAJ
LAVERGNE,FDHAJ,375,,Unassigned,PON-DISTR,24100,241-AJ-484 FP8,484,FP8,CEDAR BEND LN,MAP-41,,,,,241-02-001725,583 CEDAR BEND LN ,,LVRGTNXAAJ
LAVERGNE,FDHAJ,376,,Unassigned,PON-DISTR,24100,241-AJ-484 FP7,484,FP7,CEDAR BEND LN,MAP-41,,,,,241-02-001735,584 CEDAR BEND LN ,,LVRGTNXAAJ
LAVERGNE,FDHAJ,377,,Unassigned,PON-DISTR,24100,241-AJ-484 FP7,484,FP7,CEDAR BEND LN,MAP-41,,,,,241-AJ-001746,585 CEDAR BEND LN ,,LVRGTNXAAJ
LAVERGNE,FDHAJ,378,,Unassigned,PON-DISTR,24100,241-AJ-484 FP7,484,FP7,CEDAR BEND LN,MAP-41,,,,,241-02-001751,586 CEDAR BEND LN ,,LVRGTNXAAJ
LAVERGNE,FDHAJ,379,,Inservice,PON-DISTR,24100,241-AJ-484 FP7,484,FP7,CEDAR BEND LN,MAP-41,,,241-02-001760/    /ONT LINK/3251924,3251924,241-02-001760,587 CEDAR BEND LN ,,LVRGTNXAAJ
LAVERGNE,FDHAJ,380,,Unassigned,PON-DISTR,24100,241-AJ-484 FP6,484,FP6,CEDAR BEND LN,MAP-41,,,,,241-AJ-001792,590 CEDAR BEND LN ,,LVRGTNXAAJ
LAVERGNE,FDHAJ,381,,Unassigned,PON-DISTR,24100,241-AJ-484 FP6,484,FP6,CEDAR BEND LN,MAP-41,,,,,241-AJ-001786,589 CEDAR BEND LN ,,LVRGTNXAAJ
LAVERGNE,FDHAJ,382,,Inservice,PON-DISTR,24100,241-AJ-484 FP6,484,FP6,CEDAR BEND LN,MAP-41,,,241-AJ-001778//ONT LINK/2929904,2929904,241-AJ-001778,588 CEDAR BEND LN ,,LVRGTNXAAJ
LAVERGNE,FDHAJ,383,,Unassigned,PON-DISTR,24100,241-AJ-484 FP6,484,FP6,CEDAR BEND LN,MAP-41,,,,,241-02-001795,591 CEDAR BEND LN ,,LVRGTNXAAJ
LAVERGNE,FDHAJ,384,,Unassigned,PON-DISTR,24100,241-AJ-484 FP6,484,FP6,CEDAR BEND LN,MAP-41,,,,,241-02-001813,593 CEDAR BEND LN ,,LVRGTNXAAJ
LAVERGNE,FDHAJ,385,,Unassigned,PON-DISTR,24100,241-AJ-484 FP5,484,FP5,CEDAR BEND LN,MAP-41,,,,,241-AJ-001808,592 CEDAR BEND LN ,,LVRGTNXAAJ
LAVERGNE,FDHAJ,386,,Unassigned,PON-DISTR,24100,241-AJ-484 FP5,484,FP5,CEDAR BEND LN,MAP-41,,,,,241-AJ-001825,594 CEDAR BEND LN ,,LVRGTNXAAJ
LAVERGNE,FDHAJ,387,,Unassigned,PON-DISTR,24100,241-AJ-484 FP5,484,FP5,CEDAR BEND LN,MAP-41,,,,,241-AJ-001837,595 CEDAR BEND LN ,,LVRGTNXAAJ
LAVERGNE,FDHAJ,388,,Unassigned,PON-DISTR,24100,241-AJ-484 FP5,484,FP5,CEDAR BEND LN,MAP-41,,,,,241-02-001843,596 CEDAR BEND LN ,,LVRGTNXAAJ
LAVERGNE,FDHAJ,389,,Unassigned,PON-DISTR,24100,241-AJ-484 FP5,484,FP5,CEDAR BEND LN,MAP-41,,,,,241-02-001854,597 CEDAR BEND LN ,,LVRGTNXAAJ
LAVERGNE,FDHAJ,390,,Unassigned,PON-DISTR,24100,241-AJ-484 FP5,484,FP5,CEDAR BEND LN,MAP-41,,,,,241-02-001843,596 CEDAR BEND LN ,,LVRGTNXAAJ
LAVERGNE,FDHAJ,391,,Unassigned,PON-DISTR,24100,241-AJ-484 FP4,484,FP4,CEDAR BEND LN,MAP-41,,,,,241-AJ-001867,598 CEDAR BEND LN ,,LVRGTNXAAJ
LAVERGNE,FDHAJ,392,,Unassigned,PON-DISTR,24100,241-AJ-484 FP4,484,FP4,CEDAR BEND LN,MAP-41,,,,,241-02-001894,600 CEDAR BEND LN ,,LVRGTNXAAJ
LAVERGNE,FDHAJ,393,,Inservice,PON-DISTR,24100,241-AJ-484 FP4,484,FP4,CEDAR BEND LN,MAP-41,,,241-AJ-001880//ONT LINK/2930924,2930924,241-AJ-001880,599 CEDAR BEND LN ,,LVRGTNXAAJ
LAVERGNE,FDHAJ,394,,Unassigned,PON-DISTR,24100,241-AJ-484 FP4,484,FP4,CEDAR BEND LN,MAP-41,,,,,241-AJ-001900,602 CEDAR BEND LN ,,LVRGTNXAAJ
LAVERGNE,FDHAJ,395,,Inservice,PON-DISTR,24100,241-AJ-484 FP4,484,FP4,CEDAR BEND LN,MAP-41,,,241-AJ-001910//ONT LINK/2929999,2929999,241-AJ-001910,603 CEDAR BEND LN ,,LVRGTNXAAJ
LAVERGNE,FDHAJ,397,,Unassigned,PON-DISTR,24100,241-AJ-484 FP3,484,FP3,CEDAR BEND LN,MAP-41,,,,,241-AJ-001923,605 CEDAR BEND LN ,,LVRGTNXAAJ
LAVERGNE,FDHAJ,398,,Unassigned,PON-DISTR,24100,241-AJ-484 FP3,484,FP3,CEDAR BEND LN,MAP-41,,,,,241-02-001914,604 CEDAR BEND LN ,,LVRGTNXAAJ
LAVERGNE,FDHAJ,399,,Unassigned,PON-DISTR,24100,241-AJ-484 FP3,484,FP3,CEDAR BEND LN,MAP-41,,,,,241-02-001939,607 CEDAR BEND LN ,,LVRGTNXAAJ
LAVERGNE,FDHAJ,400,,Unassigned,PON-DISTR,24100,241-AJ-484 FP3,484,FP3,CEDAR BEND LN,MAP-41,,,,,241-AJ-001933,606 CEDAR BEND LN ,,LVRGTNXAAJ
LAVERGNE,FDHAJ,401,,Inservice,PON-DISTR,24100,241-AJ-484 FP3,484,FP3,CEDAR BEND LN,MAP-41,,,241-AJ-001953//ONT LINK/2930365,2930365,241-AJ-001953,608 CEDAR BEND LN ,,LVRGTNXAAJ
LAVERGNE,FDHAJ,402,,Unassigned,PON-DISTR,24100,241-AJ-484 FP2,484,FP2,CEDAR BEND LN,MAP-41,,,,,241-02-001968,610 CEDAR BEND LN ,,LVRGTNXAAJ
LAVERGNE,FDHAJ,403,,Unassigned,PON-DISTR,24100,241-AJ-484 FP2,484,FP2,CEDAR BEND LN,MAP-41,,,,,241-AJ-001960,609 CEDAR BEND LN ,,LVRGTNXAAJ
LAVERGNE,FDHAJ,404,,Inservice,PON-DISTR,24100,241-AJ-484 FP2,484,FP2,CEDAR BEND LN,MAP-41,,,241-AJ-001982//ONT LINK/2929791,2929791,241-AJ-001982,611 CEDAR BEND LN ,,LVRGTNXAAJ
LAVERGNE,FDHAJ,405,,Unassigned,PON-DISTR,24100,241-AJ-484 FP2,484,FP2,CEDAR BEND LN,MAP-41,,,,,241-AJ-002001,613 CEDAR BEND LN ,,LVRGTNXAAJ
LAVERGNE,FDHAJ,406,,Unassigned,PON-DISTR,24100,241-AJ-484 FP2,484,FP2,CEDAR BEND LN,MAP-41,,,,,241-AJ-001991,612 CEDAR BEND LN ,,LVRGTNXAAJ
LAVERGNE,FDHAJ,409,,Inservice,PON-DISTR,24100,241-AJ-484 FP1,484,FP1,CEDAR BEND LN,MAP-37,,,241-AJ-002014//ONT LINK/2930015,2930015,241-AJ-002014,615 CEDAR BEND LN ,,LVRGTNXAAJ
LAVERGNE,FDHAJ,410,,Unassigned,PON-DISTR,24100,241-AJ-484 FP1,484,FP1,CEDAR BEND LN,MAP-37,,,,,241-02-002006,614 CEDAR BEND LN ,,LVRGTNXAAJ
LAVERGNE,FDHAJ,411,,Inservice,PON-DISTR,24100,241-AJ-484 FP1,484,FP1,CEDAR BEND LN,MAP-37,,,241-AJ-002028//ONT LINK/2929972,2929972,241-AJ-002028,617 CEDAR BEND LN ,,LVRGTNXAAJ
LAVERGNE,FDHAJ,412,,Unassigned,PON-DISTR,24100,241-AJ-484 FP1,484,FP1,CEDAR BEND LN,MAP-37,,,,,241-02-002019,616 CEDAR BEND LN ,,LVRGTNXAAJ
LAVERGNE,FDHAJ,413,,Unassigned,PON-DISTR,24100,241-AJ-484 FP1,484,FP1,CEDAR BEND LN,MAP-37,,,,,241-02-002039,619 CEDAR BEND LN ,,LVRGTNXAAJ
LAVERGNE,FDHAJ,414,,Inservice,PON-DISTR,24100,241-AJ-484 FP1,484,FP1,CEDAR BEND LN,MAP-37,,,241-AJ-002034/    /ONT LINK/3032120,3032120,241-AJ-002034,618 CEDAR BEND LN ,,LVRGTNXAAJ
LAVERGNE,FDHAJ,421,,Inservice,PON-DISTR,24100,241-AJ-509 FP2,509,FP2,CEDAR BEND CT,MAP-37,,,241-02-001695/    /ONT LINK/3291440,3291440,241-02-001695,111 CEDAR BEND CT ,,LVRGTNXAAJ
LAVERGNE,FDHAJ,422,,Unassigned,PON-DISTR,24100,241-AJ-509 FP2,509,FP2,CEDAR BEND CT,MAP-37,,,,,241-AJ-001703,112 CEDAR BEND CT ,,LVRGTNXAAJ
LAVERGNE,FDHAJ,423,,Unassigned,PON-DISTR,24100,241-AJ-509 FP2,509,FP2,CEDAR BEND CT,MAP-37,,,,,241-AJ-001682,109 CEDAR BEND CT ,,LVRGTNXAAJ
LAVERGNE,FDHAJ,424,,Unassigned,PON-DISTR,24100,241-AJ-509 FP2,509,FP2,CEDAR BEND CT,MAP-37,,,,,241-02-001687,110 CEDAR BEND CT ,,LVRGTNXAAJ
LAVERGNE,FDHAJ,425,,Unassigned,PON-DISTR,24100,241-AJ-509 FP1,509,FP1,CEDAR BEND CT,MAP-37,,,,,241-02-001666,107 CEDAR BEND CT ,,LVRGTNXAAJ
LAVERGNE,FDHAJ,426,,Unassigned,PON-DISTR,24100,241-AJ-509 FP1,509,FP1,CEDAR BEND CT,MAP-37,,,,,241-AJ-001670,108 CEDAR BEND CT ,,LVRGTNXAAJ
LAVERGNE,FDHAJ,427,,Unassigned,PON-DISTR,24100,241-AJ-509 FP1,509,FP1,CEDAR BEND CT,MAP-37,,,,,241-02-001650,105 CEDAR BEND CT ,,LVRGTNXAAJ
LAVERGNE,FDHAJ,428,,Inservice,PON-DISTR,24100,241-AJ-509 FP1,509,FP1,CEDAR BEND CT,MAP-37,,,241-AJ-001658/    /ONT LINK/3246503,3246503,241-AJ-001658,106 CEDAR BEND CT ,,LVRGTNXAAJ
LAVERGNE,FDHAJ,429,,Inservice,PON-DISTR,24100,241-AJ-509 FP1,509,FP1,CEDAR BEND CT,MAP-37,,,241-AJ-001628/    /ONT LINK/3535667,3535667,241-AJ-001628,103 CEDAR BEND CT ,,LVRGTNXAAJ
LAVERGNE,FDHAJ,430,,Inservice,PON-DISTR,24100,241-AJ-509 FP1,509,FP1,CEDAR BEND CT,MAP-37,,,241-02-001634/    /ONT LINK/3523118,3523118,241-02-001634,104 CEDAR BEND CT ,,LVRGTNXAAJ
LAVERGNE,FDHAJ,431,,Unassigned,PON-DISTR,24100,241-AJ-482 FP5,482,FP5,CEDAR BEND LN,MAP-37,,,,,241-02-001618,101 CEDAR BEND CT ,,LVRGTNXAAJ
LAVERGNE,FDHAJ,432,,Unassigned,PON-DISTR,24100,241-AJ-482 FP5,482,FP5,CEDAR BEND LN,MAP-37,,,,,241-02-002051,621 CEDAR BEND LN ,,LVRGTNXAAJ
,,,,,,,,,,,,,,,,,,,
